Timestamp,1. Сіз Алматы қаласында қоғамдық автобустарды қаншалықты жиі пайдаланасыз? / How often do you use public buses in Almaty?,2. Автобуспен көбінесе қандай мақсатта жүресіз? / What is the main purpose of your bus trips?,"3. Соңғы бір айда толып тұрған автобустарға қаншалықты жиі тап болдыңыз? / In the last month, how often have you encountered overcrowded buses?","4. Сіздің автобусыңыз келіп қалды. Мобильді қосымша бұл автобустың өте толы екенін көрсетіп тұр. Келесі автобус 2 минуттан кейін келеді және онда отыратын орындар бар.
Уақыты: сәрсенбі, таңғы сағат 8:00 (таңғы кептелістер кезінде).

Your bus has arrived. The app shows it is very crowded: hard to move, passengers are packed tight.
The next bus arrives in 2 minutes and has seats available.
Time: Wednesday, 8:00 AM (Morning Peak).","5. Автобус келіп тұр. Ол өте толы: жолаушылар тығыз, қозғалу қиын.
Келесі автобус 5 минуттан кейін келеді, ішінде отыратын орындар бар.
Уақыты: сәрсенбі, таңғы сағат 8:00.

The bus is here. It is very crowded: passengers packed, hard to move.
The next bus arrives in 5 minutes and has seats available.
Time: Wednesday, 8:00 AM.","6. Автобус өте толы, ішінде қозғалу қиын.
Келесі автобус 10 минуттан кейін келеді және бос орындары бар.
Уақыты: күндізгі сағат 14:00 (кептеліс жоқ уақыт).

The bus is very crowded, hard to move inside.
The next bus arrives in 10 minutes and has empty seats.
Time: Wednesday, 2:00 PM (Off-peak).","7. Автобуста тек тұратын орын бар, орындықтардың көбі бос емес. Келесі автобус 5 минуттан кейін келеді, отыратын орындары бар.
Уақыты: сәрсенбі, таңғы сағат 8:00.

Standing room only: most seats taken, but people are not packed tight.
The next bus arrives in 5 minutes and has seats available.
Time: Wednesday, 8:00 AM.","8. Автобуста тек тұратын орын бар, жолаушылар көп, бірақ жайсыз емес.
Келесі автобус 3 минуттан кейін келеді, бос орындары бар.
Уақыты: сәрсенбі, күндізгі сағат 14:00.

Standing room only, many passengers, but not uncomfortable.
The next bus arrives in 3 minutes and has empty seats.
Time: Wednesday, 2:00 PM.","9. Автобус өте толы, адамдар тығыз орналасқан.
Келесі автобус 7 минуттан кейін келеді, отыратын орындары бар.
Уақыты: сәрсенбі, кешкі сағат 18:00 (кешкі қарбалас).

The bus is very crowded, people are packed tight.
The next bus arrives in 7 minutes and has seats available.
Time: Wednesday, 6:00 PM (Evening Peak).","10. Егер келесі автобуста міндетті түрде бос орын болады деп есептесек, өте толы автобусқа мінбеу үшін қанша уақыт күтуге дайынсыз? / Assuming the next bus definitely has seats, how long are you willing to wait to avoid a very crowded bus?","11. Егер мобильді қосымша автобустардың толу деңгейін көрсетсе, бұл мәліметті қаншалықты жиі пайдаланар едіңіз? / If a mobile app showed bus crowding levels, how often would you use this information?",12. Жасыңызды көрсетіңіз / Please indicate your age,13. Қазіргі негізгі қызметіңіз / Your current main occupation
2/4/2026 21:23:53,Күн сайын немесе дерлік күн сайын / Daily or almost daily,Жұмысқа немесе оқуға бару үшін / To go to work or study,Сапарларымның көп бөлігінде / On most of my trips,Келесі автобусқа 2 минут күтемін / Wait 2 minutes for the next bus,Келесі автобусқа 5 минут күтемін / Wait 5 minutes for the next bus,Қазіргі автобусқа мінемін / Board the current bus,Келесі автобусқа 5 минут күтемін / Wait 5 minutes for the next bus,Келесі автобусқа 3 минут күтемін / Wait 3 minutes for the next bus,Келесі автобусқа 7 минут күтемін / Wait 7 minutes for the next bus,6–10 минут / 6–10 minutes,Көп жағдайда / Most of the time,14–24 жас / 14–24 years,Студентпін / Student
2/5/2026 14:40:57,Күн сайын немесе дерлік күн сайын / Daily or almost daily,Жұмысқа немесе оқуға бару үшін / To go to work or study,Әр сапарымда немесе дерлік әр сапарымда / Every trip or almost every trip,Келесі автобусқа 2 минут күтемін / Wait 2 minutes for the next bus,Келесі автобусқа 5 минут күтемін / Wait 5 minutes for the next bus,Қазіргі автобусқа мінемін / Board the current bus,Қазіргі автобусқа мінемін / Board the current bus,Келесі автобусқа 3 минут күтемін / Wait 3 minutes for the next bus,Келесі автобусқа 7 минут күтемін / Wait 7 minutes for the next bus,3–5 минут / 3–5 minutes,"Әрдайым, автобус күткен сайын / Always, every time I wait for a bus",14–24 жас / 14–24 years,Студентпін / Student
2/5/2026 14:47:05,Күн сайын немесе дерлік күн сайын / Daily or almost daily,"Жұмысқа немесе оқуға бару үшін / To go to work or study, Жеке істер үшін / Personal errands, Демалу, қыдыру немесе  кездесулер үшін / For leisure or social meetings",Әр сапарымда немесе дерлік әр сапарымда / Every trip or almost every trip,Келесі автобусқа 2 минут күтемін / Wait 2 minutes for the next bus,Келесі автобусқа 5 минут күтемін / Wait 5 minutes for the next bus,Келесі автобусқа 10 минут күтемін / Wait 10 minutes for the next bus,Қазіргі автобусқа мінемін / Board the current bus,Қазіргі автобусқа мінемін / Board the current bus,Келесі автобусқа 7 минут күтемін / Wait 7 minutes for the next bus,6–10 минут / 6–10 minutes,"Әрдайым, автобус күткен сайын / Always, every time I wait for a bus",14–24 жас / 14–24 years,Студентпін / Student
2/5/2026 16:00:17,Күн сайын немесе дерлік күн сайын / Daily or almost daily,Жұмысқа немесе оқуға бару үшін / To go to work or study,Әр сапарымда немесе дерлік әр сапарымда / Every trip or almost every trip,Келесі автобусқа 2 минут күтемін / Wait 2 minutes for the next bus,Келесі автобусқа 5 минут күтемін / Wait 5 minutes for the next bus,Қазіргі автобусқа мінемін / Board the current bus,Қазіргі автобусқа мінемін / Board the current bus,Қазіргі автобусқа мінемін / Board the current bus,Келесі автобусқа 7 минут күтемін / Wait 7 minutes for the next bus,3–5 минут / 3–5 minutes,"Әрдайым, автобус күткен сайын / Always, every time I wait for a bus",14–24 жас / 14–24 years,Студентпін / Student
2/5/2026 16:41:59,Күн сайын немесе дерлік күн сайын / Daily or almost daily,Жұмысқа немесе оқуға бару үшін / To go to work or study,Әр сапарымда немесе дерлік әр сапарымда / Every trip or almost every trip,Келесі автобусқа 2 минут күтемін / Wait 2 minutes for the next bus,Келесі автобусқа 5 минут күтемін / Wait 5 minutes for the next bus,Қазіргі автобусқа мінемін / Board the current bus,Келесі автобусқа 5 минут күтемін / Wait 5 minutes for the next bus,Қазіргі автобусқа мінемін / Board the current bus,Келесі автобусқа 7 минут күтемін / Wait 7 minutes for the next bus,1–2 минут / 1–2 minutes,"Әрдайым, автобус күткен сайын / Always, every time I wait for a bus",14–24 жас / 14–24 years,Студентпін / Student
2/5/2026 17:02:54,Күн сайын немесе дерлік күн сайын / Daily or almost daily,Жұмысқа немесе оқуға бару үшін / To go to work or study,Сапарларымның көп бөлігінде / On most of my trips,Келесі автобусқа 2 минут күтемін / Wait 2 minutes for the next bus,Келесі автобусқа 5 минут күтемін / Wait 5 minutes for the next bus,Қазіргі автобусқа мінемін / Board the current bus,Қазіргі автобусқа мінемін / Board the current bus,Қазіргі автобусқа мінемін / Board the current bus,Қазіргі толық автобусқа мінемін / Board the current full bus,6–10 минут / 6–10 minutes,"Әрдайым, автобус күткен сайын / Always, every time I wait for a bus",14–24 жас / 14–24 years,Студентпін / Student
2/5/2026 18:39:41,Күн сайын немесе дерлік күн сайын / Daily or almost daily,Жұмысқа немесе оқуға бару үшін / To go to work or study,Сапарларымның шамамен жартысында / On about half of my trips,Келесі автобусқа 2 минут күтемін / Wait 2 minutes for the next bus,Келесі автобусқа 5 минут күтемін / Wait 5 minutes for the next bus,Келесі автобусқа 10 минут күтемін / Wait 10 minutes for the next bus,Қазіргі автобусқа мінемін / Board the current bus,Келесі автобусқа 3 минут күтемін / Wait 3 minutes for the next bus,Келесі автобусқа 7 минут күтемін / Wait 7 minutes for the next bus,6–10 минут / 6–10 minutes,"Әрдайым, автобус күткен сайын / Always, every time I wait for a bus",45–54 жас / 45–54 years,Толық толық жұмыс күні бойынша  істеймін / Employed full-time
2/5/2026 18:45:20,Күн сайын немесе дерлік күн сайын / Daily or almost daily,Жұмысқа немесе оқуға бару үшін / To go to work or study,Әр сапарымда немесе дерлік әр сапарымда / Every trip or almost every trip,Келесі автобусқа 2 минут күтемін / Wait 2 minutes for the next bus,Келесі автобусқа 5 минут күтемін / Wait 5 minutes for the next bus,Келесі автобусқа 10 минут күтемін / Wait 10 minutes for the next bus,Келесі автобусқа 5 минут күтемін / Wait 5 minutes for the next bus,Келесі автобусқа 3 минут күтемін / Wait 3 minutes for the next bus,Келесі автобусқа 7 минут күтемін / Wait 7 minutes for the next bus,6–10 минут / 6–10 minutes,"Әрдайым, автобус күткен сайын / Always, every time I wait for a bus",35–44 жас / 35–44 years,Толық толық жұмыс күні бойынша  істеймін / Employed full-time
2/5/2026 18:54:54,Күн сайын немесе дерлік күн сайын / Daily or almost daily,Жұмысқа немесе оқуға бару үшін / To go to work or study,Әр сапарымда немесе дерлік әр сапарымда / Every trip or almost every trip,Келесі автобусқа 2 минут күтемін / Wait 2 minutes for the next bus,Қазіргі толық автобусқа мінемін / Board the current full bus,Қазіргі автобусқа мінемін / Board the current bus,Келесі автобусқа 5 минут күтемін / Wait 5 minutes for the next bus,Қазіргі автобусқа мінемін / Board the current bus,Қазіргі толық автобусқа мінемін / Board the current full bus,1–2 минут / 1–2 minutes,"Кейде, жағдайға байланысты / Sometimes, depending on the situation",55 жастан жоғары / 55 years or older,Толық толық жұмыс күні бойынша  істеймін / Employed full-time
2/5/2026 19:39:42,Күн сайын немесе дерлік күн сайын / Daily or almost daily,Жұмысқа немесе оқуға бару үшін / To go to work or study,Сапарларымның көп бөлігінде / On most of my trips,Келесі автобусқа 2 минут күтемін / Wait 2 minutes for the next bus,Келесі автобусқа 5 минут күтемін / Wait 5 minutes for the next bus,Келесі автобусқа 10 минут күтемін / Wait 10 minutes for the next bus,Қазіргі автобусқа мінемін / Board the current bus,Келесі автобусқа 3 минут күтемін / Wait 3 minutes for the next bus,Келесі автобусқа 7 минут күтемін / Wait 7 minutes for the next bus,6–10 минут / 6–10 minutes,Көп жағдайда / Most of the time,14–24 жас / 14–24 years,Толық толық жұмыс күні бойынша  істеймін / Employed full-time
2/5/2026 20:47:35,Күн сайын немесе дерлік күн сайын / Daily or almost daily,Жұмысқа немесе оқуға бару үшін / To go to work or study,Әр сапарымда немесе дерлік әр сапарымда / Every trip or almost every trip,Келесі автобусқа 2 минут күтемін / Wait 2 minutes for the next bus,Келесі автобусқа 5 минут күтемін / Wait 5 minutes for the next bus,Қазіргі автобусқа мінемін / Board the current bus,Қазіргі автобусқа мінемін / Board the current bus,Қазіргі автобусқа мінемін / Board the current bus,Қазіргі толық автобусқа мінемін / Board the current full bus,1–2 минут / 1–2 minutes,Көп жағдайда / Most of the time,14–24 жас / 14–24 years,Студентпін / Student
2/5/2026 20:47:45,Күн сайын немесе дерлік күн сайын / Daily or almost daily,Жұмысқа немесе оқуға бару үшін / To go to work or study,Сирек / Rarely,Қазіргі толық автобусқа бірден мінемін / Board the current full bus immediately,Келесі автобусқа 5 минут күтемін / Wait 5 minutes for the next bus,Келесі автобусқа 10 минут күтемін / Wait 10 minutes for the next bus,Қазіргі автобусқа мінемін / Board the current bus,Келесі автобусқа 3 минут күтемін / Wait 3 minutes for the next bus,Келесі автобусқа 7 минут күтемін / Wait 7 minutes for the next bus,3–5 минут / 3–5 minutes,"Әрдайым, автобус күткен сайын / Always, every time I wait for a bus",14–24 жас / 14–24 years,Студентпін / Student
2/5/2026 20:48:20,Күн сайын немесе дерлік күн сайын / Daily or almost daily,Жұмысқа немесе оқуға бару үшін / To go to work or study,Әр сапарымда немесе дерлік әр сапарымда / Every trip or almost every trip,Қазіргі толық автобусқа бірден мінемін / Board the current full bus immediately,Келесі автобусқа 5 минут күтемін / Wait 5 minutes for the next bus,Келесі автобусқа 10 минут күтемін / Wait 10 minutes for the next bus,Келесі автобусқа 5 минут күтемін / Wait 5 minutes for the next bus,Келесі автобусқа 3 минут күтемін / Wait 3 minutes for the next bus,Келесі автобусқа 7 минут күтемін / Wait 7 minutes for the next bus,10 минуттан артық / More than 10 minutes,Көп жағдайда / Most of the time,14–24 жас / 14–24 years,Толық толық жұмыс күні бойынша  істеймін / Employed full-time
2/5/2026 20:49:18,Күн сайын немесе дерлік күн сайын / Daily or almost daily,Жұмысқа немесе оқуға бару үшін / To go to work or study,Әр сапарымда немесе дерлік әр сапарымда / Every trip or almost every trip,Келесі автобусқа 2 минут күтемін / Wait 2 minutes for the next bus,Келесі автобусқа 5 минут күтемін / Wait 5 minutes for the next bus,Қазіргі автобусқа мінемін / Board the current bus,Қазіргі автобусқа мінемін / Board the current bus,Қазіргі автобусқа мінемін / Board the current bus,Қазіргі толық автобусқа мінемін / Board the current full bus,1–2 минут / 1–2 minutes,"Кейде, жағдайға байланысты / Sometimes, depending on the situation",14–24 жас / 14–24 years,Студентпін / Student
2/5/2026 20:49:23,Күн сайын немесе дерлік күн сайын / Daily or almost daily,Жұмысқа немесе оқуға бару үшін / To go to work or study,Сапарларымның көп бөлігінде / On most of my trips,Келесі автобусқа 2 минут күтемін / Wait 2 minutes for the next bus,Келесі автобусқа 5 минут күтемін / Wait 5 minutes for the next bus,Келесі автобусқа 10 минут күтемін / Wait 10 minutes for the next bus,Қазіргі автобусқа мінемін / Board the current bus,Қазіргі автобусқа мінемін / Board the current bus,Келесі автобусқа 7 минут күтемін / Wait 7 minutes for the next bus,"Күтпеймін, қай автобус келсе — соған мінемін / I won't wait, I'll take whichever bus comes","Кейде, жағдайға байланысты / Sometimes, depending on the situation",14–24 жас / 14–24 years,Студентпін / Student
2/5/2026 20:50:32,Күн сайын немесе дерлік күн сайын / Daily or almost daily,Жұмысқа немесе оқуға бару үшін / To go to work or study,Әр сапарымда немесе дерлік әр сапарымда / Every trip or almost every trip,Келесі автобусқа 2 минут күтемін / Wait 2 minutes for the next bus,Келесі автобусқа 5 минут күтемін / Wait 5 minutes for the next bus,Келесі автобусқа 10 минут күтемін / Wait 10 minutes for the next bus,Қазіргі автобусқа мінемін / Board the current bus,Келесі автобусқа 3 минут күтемін / Wait 3 minutes for the next bus,Келесі автобусқа 7 минут күтемін / Wait 7 minutes for the next bus,3–5 минут / 3–5 minutes,Сирек / Rarely,14–24 жас / 14–24 years,Студентпін / Student
2/5/2026 20:50:46,Аптасына 1–2 рет / 1–2 times a week,Жұмысқа немесе оқуға бару үшін / To go to work or study,Әр сапарымда немесе дерлік әр сапарымда / Every trip or almost every trip,Келесі автобусқа 2 минут күтемін / Wait 2 minutes for the next bus,Қазіргі толық автобусқа мінемін / Board the current full bus,Келесі автобусқа 10 минут күтемін / Wait 10 minutes for the next bus,Келесі автобусқа 5 минут күтемін / Wait 5 minutes for the next bus,Қазіргі автобусқа мінемін / Board the current bus,Қазіргі толық автобусқа мінемін / Board the current full bus,1–2 минут / 1–2 minutes,"Әрдайым, автобус күткен сайын / Always, every time I wait for a bus",35–44 жас / 35–44 years,Студентпін / Student
2/5/2026 20:51:07,Күн сайын немесе дерлік күн сайын / Daily or almost daily,Жұмысқа немесе оқуға бару үшін / To go to work or study,Сапарларымның көп бөлігінде / On most of my trips,Келесі автобусқа 2 минут күтемін / Wait 2 minutes for the next bus,Келесі автобусқа 5 минут күтемін / Wait 5 minutes for the next bus,Қазіргі автобусқа мінемін / Board the current bus,Қазіргі автобусқа мінемін / Board the current bus,Қазіргі автобусқа мінемін / Board the current bus,Қазіргі толық автобусқа мінемін / Board the current full bus,3–5 минут / 3–5 minutes,Сирек / Rarely,14–24 жас / 14–24 years,Студентпін / Student
2/5/2026 20:51:27,Аптасына 1–2 рет / 1–2 times a week,Жұмысқа немесе оқуға бару үшін / To go to work or study,Әр сапарымда немесе дерлік әр сапарымда / Every trip or almost every trip,Келесі автобусқа 2 минут күтемін / Wait 2 minutes for the next bus,Келесі автобусқа 5 минут күтемін / Wait 5 minutes for the next bus,Келесі автобусқа 10 минут күтемін / Wait 10 minutes for the next bus,Қазіргі автобусқа мінемін / Board the current bus,Қазіргі автобусқа мінемін / Board the current bus,Келесі автобусқа 7 минут күтемін / Wait 7 minutes for the next bus,6–10 минут / 6–10 minutes,"Әрдайым, автобус күткен сайын / Always, every time I wait for a bus",14–24 жас / 14–24 years,Студентпін / Student
2/5/2026 20:52:22,Күн сайын немесе дерлік күн сайын / Daily or almost daily,Жұмысқа немесе оқуға бару үшін / To go to work or study,Әр сапарымда немесе дерлік әр сапарымда / Every trip or almost every trip,Қазіргі толық автобусқа бірден мінемін / Board the current full bus immediately,Қазіргі толық автобусқа мінемін / Board the current full bus,Қазіргі автобусқа мінемін / Board the current bus,Қазіргі автобусқа мінемін / Board the current bus,Қазіргі автобусқа мінемін / Board the current bus,Қазіргі толық автобусқа мінемін / Board the current full bus,"Күтпеймін, қай автобус келсе — соған мінемін / I won't wait, I'll take whichever bus comes","Әрдайым, автобус күткен сайын / Always, every time I wait for a bus",14–24 жас / 14–24 years,Толық емес жұмыс күн графигі бойынша жұмыс істеймін / Employed part-time
2/5/2026 20:52:43,Аптасына 1–2 рет / 1–2 times a week,Жұмысқа немесе оқуға бару үшін / To go to work or study,Сирек / Rarely,Келесі автобусқа 2 минут күтемін / Wait 2 minutes for the next bus,Келесі автобусқа 5 минут күтемін / Wait 5 minutes for the next bus,Келесі автобусқа 10 минут күтемін / Wait 10 minutes for the next bus,Келесі автобусқа 5 минут күтемін / Wait 5 minutes for the next bus,Келесі автобусқа 3 минут күтемін / Wait 3 minutes for the next bus,Келесі автобусқа 7 минут күтемін / Wait 7 minutes for the next bus,6–10 минут / 6–10 minutes,Сирек / Rarely,14–24 жас / 14–24 years,Студентпін / Student
2/5/2026 20:52:49,Күн сайын немесе дерлік күн сайын / Daily or almost daily,Жұмысқа немесе оқуға бару үшін / To go to work or study,Сапарларымның көп бөлігінде / On most of my trips,Келесі автобусқа 2 минут күтемін / Wait 2 minutes for the next bus,Келесі автобусқа 5 минут күтемін / Wait 5 minutes for the next bus,Кешыкпесем келесыне мынемын,Қазіргі автобусқа мінемін / Board the current bus,Келесі автобусқа 3 минут күтемін / Wait 3 minutes for the next bus,Келесі автобусқа 7 минут күтемін / Wait 7 minutes for the next bus,6–10 минут / 6–10 minutes,"Әрдайым, автобус күткен сайын / Always, every time I wait for a bus",14–24 жас / 14–24 years,Студентпін / Student
2/5/2026 20:53:49,Күн сайын немесе дерлік күн сайын / Daily or almost daily,Жұмысқа немесе оқуға бару үшін / To go to work or study,Сапарларымның көп бөлігінде / On most of my trips,Келесі автобусқа 2 минут күтемін / Wait 2 minutes for the next bus,Қазіргі толық автобусқа мінемін / Board the current full bus,Келесі автобусқа 10 минут күтемін / Wait 10 minutes for the next bus,Келесі автобусқа 5 минут күтемін / Wait 5 minutes for the next bus,Қазіргі автобусқа мінемін / Board the current bus,Келесі автобусқа 7 минут күтемін / Wait 7 minutes for the next bus,3–5 минут / 3–5 minutes,Көп жағдайда / Most of the time,25–34 жас / 25–34 years,Студентпін / Student
2/5/2026 20:53:56,Күн сайын немесе дерлік күн сайын / Daily or almost daily,Жұмысқа немесе оқуға бару үшін / To go to work or study,Әр сапарымда немесе дерлік әр сапарымда / Every trip or almost every trip,Келесі автобусқа 2 минут күтемін / Wait 2 minutes for the next bus,Келесі автобусқа 5 минут күтемін / Wait 5 minutes for the next bus,Келесі автобусқа 10 минут күтемін / Wait 10 minutes for the next bus,Қазіргі автобусқа мінемін / Board the current bus,Қазіргі автобусқа мінемін / Board the current bus,Қазіргі толық автобусқа мінемін / Board the current full bus,1–2 минут / 1–2 minutes,"Кейде, жағдайға байланысты / Sometimes, depending on the situation",14–24 жас / 14–24 years,Студентпін / Student
2/5/2026 20:54:08,Аптасына 1–2 рет / 1–2 times a week,Жұмысқа немесе оқуға бару үшін / To go to work or study,Сапарларымның шамамен жартысында / On about half of my trips,Келесі автобусқа 2 минут күтемін / Wait 2 minutes for the next bus,Қазіргі толық автобусқа мінемін / Board the current full bus,Қазіргі автобусқа мінемін / Board the current bus,Келесі автобусқа 5 минут күтемін / Wait 5 minutes for the next bus,Келесі автобусқа 3 минут күтемін / Wait 3 minutes for the next bus,Келесі автобусқа 7 минут күтемін / Wait 7 minutes for the next bus,10 минуттан артық / More than 10 minutes,Сирек / Rarely,14–24 жас / 14–24 years,Студентпін / Student
2/5/2026 20:55:52,Күн сайын немесе дерлік күн сайын / Daily or almost daily,"Жұмысқа немесе оқуға бару үшін / To go to work or study, Жеке істер үшін / Personal errands",Сапарларымның көп бөлігінде / On most of my trips,Келесі автобусқа 2 минут күтемін / Wait 2 minutes for the next bus,Қазіргі толық автобусқа мінемін / Board the current full bus,Қазіргі автобусқа мінемін / Board the current bus,Қазіргі автобусқа мінемін / Board the current bus,Қазіргі автобусқа мінемін / Board the current bus,Қазіргі толық автобусқа мінемін / Board the current full bus,"Күтпеймін, қай автобус келсе — соған мінемін / I won't wait, I'll take whichever bus comes","Әрдайым, автобус күткен сайын / Always, every time I wait for a bus",14–24 жас / 14–24 years,Студентпін / Student
2/5/2026 20:56:12,Күн сайын немесе дерлік күн сайын / Daily or almost daily,Жұмысқа немесе оқуға бару үшін / To go to work or study,Әр сапарымда немесе дерлік әр сапарымда / Every trip or almost every trip,Қазіргі толық автобусқа бірден мінемін / Board the current full bus immediately,Қазіргі толық автобусқа мінемін / Board the current full bus,Келесі автобусқа 10 минут күтемін / Wait 10 minutes for the next bus,Келесі автобусқа 5 минут күтемін / Wait 5 minutes for the next bus,Қазіргі автобусқа мінемін / Board the current bus,Қазіргі толық автобусқа мінемін / Board the current full bus,3–5 минут / 3–5 minutes,Көп жағдайда / Most of the time,14–24 жас / 14–24 years,Студентпін / Student
2/5/2026 20:56:43,Аптасына 1–2 рет / 1–2 times a week,Жұмысқа немесе оқуға бару үшін / To go to work or study,Сапарларымның шамамен жартысында / On about half of my trips,Келесі автобусқа 2 минут күтемін / Wait 2 minutes for the next bus,Келесі автобусқа 5 минут күтемін / Wait 5 minutes for the next bus,Келесі автобусқа 10 минут күтемін / Wait 10 minutes for the next bus,Қазіргі автобусқа мінемін / Board the current bus,Келесі автобусқа 3 минут күтемін / Wait 3 minutes for the next bus,Келесі автобусқа 7 минут күтемін / Wait 7 minutes for the next bus,3–5 минут / 3–5 minutes,Сирек / Rarely,14–24 жас / 14–24 years,Студентпін / Student
2/5/2026 20:57:58,Күн сайын немесе дерлік күн сайын / Daily or almost daily,Жеке істер үшін / Personal errands,Сапарларымның шамамен жартысында / On about half of my trips,Қазіргі толық автобусқа бірден мінемін / Board the current full bus immediately,Қазіргі толық автобусқа мінемін / Board the current full bus,Қазіргі автобусқа мінемін / Board the current bus,Қазіргі автобусқа мінемін / Board the current bus,Қазіргі автобусқа мінемін / Board the current bus,Қазіргі толық автобусқа мінемін / Board the current full bus,"Күтпеймін, қай автобус келсе — соған мінемін / I won't wait, I'll take whichever bus comes","Әрдайым, автобус күткен сайын / Always, every time I wait for a bus",14–24 жас / 14–24 years,Толық толық жұмыс күні бойынша  істеймін / Employed full-time
2/5/2026 20:58:16,Аптасына 3–4 рет / 3–4 times a week,Жұмысқа немесе оқуға бару үшін / To go to work or study,Әр сапарымда немесе дерлік әр сапарымда / Every trip or almost every trip,Қазіргі толық автобусқа бірден мінемін / Board the current full bus immediately,Келесі автобусқа 5 минут күтемін / Wait 5 minutes for the next bus,Келесі автобусқа 10 минут күтемін / Wait 10 minutes for the next bus,Қазіргі автобусқа мінемін / Board the current bus,Келесі автобусқа 3 минут күтемін / Wait 3 minutes for the next bus,Қазіргі толық автобусқа мінемін / Board the current full bus,3–5 минут / 3–5 minutes,"Кейде, жағдайға байланысты / Sometimes, depending on the situation",14–24 жас / 14–24 years,Студентпін / Student
2/5/2026 21:01:05,Күн сайын немесе дерлік күн сайын / Daily or almost daily,Жұмысқа немесе оқуға бару үшін / To go to work or study,Әр сапарымда немесе дерлік әр сапарымда / Every trip or almost every trip,Келесі автобусқа 2 минут күтемін / Wait 2 minutes for the next bus,Келесі автобусқа 5 минут күтемін / Wait 5 minutes for the next bus,Келесі автобусқа 10 минут күтемін / Wait 10 minutes for the next bus,Қазіргі автобусқа мінемін / Board the current bus,Келесі автобусқа 3 минут күтемін / Wait 3 minutes for the next bus,Келесі автобусқа 7 минут күтемін / Wait 7 minutes for the next bus,3–5 минут / 3–5 minutes,"Әрдайым, автобус күткен сайын / Always, every time I wait for a bus",14–24 жас / 14–24 years,Студентпін / Student
2/5/2026 21:02:07,Аптасына 3–4 рет / 3–4 times a week,Жұмысқа немесе оқуға бару үшін / To go to work or study,Әр сапарымда немесе дерлік әр сапарымда / Every trip or almost every trip,Келесі автобусқа 2 минут күтемін / Wait 2 minutes for the next bus,Келесі автобусқа 5 минут күтемін / Wait 5 minutes for the next bus,Келесі автобусқа 10 минут күтемін / Wait 10 minutes for the next bus,Келесі автобусқа 5 минут күтемін / Wait 5 minutes for the next bus,Келесі автобусқа 3 минут күтемін / Wait 3 minutes for the next bus,Келесі автобусқа 7 минут күтемін / Wait 7 minutes for the next bus,10 минуттан артық / More than 10 minutes,"Әрдайым, автобус күткен сайын / Always, every time I wait for a bus",14–24 жас / 14–24 years,Студентпін / Student
2/5/2026 21:02:34,Күн сайын немесе дерлік күн сайын / Daily or almost daily,Жұмысқа немесе оқуға бару үшін / To go to work or study,Әр сапарымда немесе дерлік әр сапарымда / Every trip or almost every trip,Қазіргі толық автобусқа бірден мінемін / Board the current full bus immediately,Келесі автобусқа 5 минут күтемін / Wait 5 minutes for the next bus,Келесі автобусқа 10 минут күтемін / Wait 10 minutes for the next bus,Келесі автобусқа 5 минут күтемін / Wait 5 minutes for the next bus,Келесі автобусқа 3 минут күтемін / Wait 3 minutes for the next bus,Келесі автобусқа 7 минут күтемін / Wait 7 minutes for the next bus,6–10 минут / 6–10 minutes,"Әрдайым, автобус күткен сайын / Always, every time I wait for a bus",14–24 жас / 14–24 years,Студентпін / Student
2/5/2026 21:02:40,Күн сайын немесе дерлік күн сайын / Daily or almost daily,Жұмысқа немесе оқуға бару үшін / To go to work or study,Әр сапарымда немесе дерлік әр сапарымда / Every trip or almost every trip,Келесі автобусқа 2 минут күтемін / Wait 2 minutes for the next bus,Келесі автобусқа 5 минут күтемін / Wait 5 minutes for the next bus,Келесі автобусқа 10 минут күтемін / Wait 10 minutes for the next bus,Келесі автобусқа 5 минут күтемін / Wait 5 minutes for the next bus,Келесі автобусқа 3 минут күтемін / Wait 3 minutes for the next bus,Келесі автобусқа 7 минут күтемін / Wait 7 minutes for the next bus,10 минуттан артық / More than 10 minutes,"Әрдайым, автобус күткен сайын / Always, every time I wait for a bus",14–24 жас / 14–24 years,Студентпін / Student
2/5/2026 21:02:46,Қоғамдық көлікті пайдаланбаймын / I do not use public buses,"Демалу, қыдыру немесе  кездесулер үшін / For leisure or social meetings",Сирек / Rarely,,,,,,,,,,
2/5/2026 21:03:02,Күн сайын немесе дерлік күн сайын / Daily or almost daily,Жұмысқа немесе оқуға бару үшін / To go to work or study,Сапарларымның шамамен жартысында / On about half of my trips,Келесі автобусқа 2 минут күтемін / Wait 2 minutes for the next bus,Келесі автобусқа 5 минут күтемін / Wait 5 minutes for the next bus,Келесі автобусқа 10 минут күтемін / Wait 10 minutes for the next bus,Қазіргі автобусқа мінемін / Board the current bus,Келесі автобусқа 3 минут күтемін / Wait 3 minutes for the next bus,Келесі автобусқа 7 минут күтемін / Wait 7 minutes for the next bus,6–10 минут / 6–10 minutes,"Кейде, жағдайға байланысты / Sometimes, depending on the situation",14–24 жас / 14–24 years,Студентпін / Student
2/5/2026 21:03:17,Күн сайын немесе дерлік күн сайын / Daily or almost daily,Жұмысқа немесе оқуға бару үшін / To go to work or study,Әр сапарымда немесе дерлік әр сапарымда / Every trip or almost every trip,Қазіргі толық автобусқа бірден мінемін / Board the current full bus immediately,Келесі автобусқа 5 минут күтемін / Wait 5 minutes for the next bus,Келесі автобусқа 10 минут күтемін / Wait 10 minutes for the next bus,Келесі автобусқа 5 минут күтемін / Wait 5 minutes for the next bus,Келесі автобусқа 3 минут күтемін / Wait 3 minutes for the next bus,Келесі автобусқа 7 минут күтемін / Wait 7 minutes for the next bus,6–10 минут / 6–10 minutes,"Әрдайым, автобус күткен сайын / Always, every time I wait for a bus",14–24 жас / 14–24 years,Студентпін / Student
2/5/2026 21:03:26,Күн сайын немесе дерлік күн сайын / Daily or almost daily,Жұмысқа немесе оқуға бару үшін / To go to work or study,Әр сапарымда немесе дерлік әр сапарымда / Every trip or almost every trip,Келесі автобусқа 2 минут күтемін / Wait 2 minutes for the next bus,Келесі автобусқа 5 минут күтемін / Wait 5 minutes for the next bus,Келесі автобусқа 10 минут күтемін / Wait 10 minutes for the next bus,Қазіргі автобусқа мінемін / Board the current bus,Келесі автобусқа 3 минут күтемін / Wait 3 minutes for the next bus,Келесі автобусқа 7 минут күтемін / Wait 7 minutes for the next bus,1–2 минут / 1–2 minutes,"Әрдайым, автобус күткен сайын / Always, every time I wait for a bus",14–24 жас / 14–24 years,Студентпін / Student
2/5/2026 21:04:00,Күн сайын немесе дерлік күн сайын / Daily or almost daily,Жұмысқа немесе оқуға бару үшін / To go to work or study,Әр сапарымда немесе дерлік әр сапарымда / Every trip or almost every trip,Келесі автобусқа 2 минут күтемін / Wait 2 minutes for the next bus,Қазіргі толық автобусқа мінемін / Board the current full bus,Келесі автобусқа 10 минут күтемін / Wait 10 minutes for the next bus,Қазіргі автобусқа мінемін / Board the current bus,Келесі автобусқа 3 минут күтемін / Wait 3 minutes for the next bus,Қазіргі толық автобусқа мінемін / Board the current full bus,1–2 минут / 1–2 minutes,"Әрдайым, автобус күткен сайын / Always, every time I wait for a bus",14–24 жас / 14–24 years,Студентпін / Student
2/5/2026 21:05:17,Күн сайын немесе дерлік күн сайын / Daily or almost daily,Жұмысқа немесе оқуға бару үшін / To go to work or study,Әр сапарымда немесе дерлік әр сапарымда / Every trip or almost every trip,Келесі автобусқа 2 минут күтемін / Wait 2 minutes for the next bus,Келесі автобусқа 5 минут күтемін / Wait 5 minutes for the next bus,Келесі автобусқа 10 минут күтемін / Wait 10 minutes for the next bus,Келесі автобусқа 5 минут күтемін / Wait 5 minutes for the next bus,Келесі автобусқа 3 минут күтемін / Wait 3 minutes for the next bus,Келесі автобусқа 7 минут күтемін / Wait 7 minutes for the next bus,3–5 минут / 3–5 minutes,"Әрдайым, автобус күткен сайын / Always, every time I wait for a bus",14–24 жас / 14–24 years,Студентпін / Student
2/5/2026 21:05:28,Күн сайын немесе дерлік күн сайын / Daily or almost daily,"Жұмысқа немесе оқуға бару үшін / To go to work or study, Демалу, қыдыру немесе  кездесулер үшін / For leisure or social meetings",Сапарларымның көп бөлігінде / On most of my trips,Келесі автобусқа 2 минут күтемін / Wait 2 minutes for the next bus,Келесі автобусқа 5 минут күтемін / Wait 5 minutes for the next bus,Келесі автобусқа 10 минут күтемін / Wait 10 minutes for the next bus,Келесі автобусқа 5 минут күтемін / Wait 5 minutes for the next bus,Келесі автобусқа 3 минут күтемін / Wait 3 minutes for the next bus,Келесі автобусқа 7 минут күтемін / Wait 7 minutes for the next bus,6–10 минут / 6–10 minutes,Көп жағдайда / Most of the time,Жауап бергім келмейді / Prefer not to say,Студентпін / Student
2/5/2026 21:06:09,Күн сайын немесе дерлік күн сайын / Daily or almost daily,Жұмысқа немесе оқуға бару үшін / To go to work or study,Әр сапарымда немесе дерлік әр сапарымда / Every trip or almost every trip,Қазіргі толық автобусқа бірден мінемін / Board the current full bus immediately,Қазіргі толық автобусқа мінемін / Board the current full bus,Қазіргі автобусқа мінемін / Board the current bus,Қазіргі автобусқа мінемін / Board the current bus,Қазіргі автобусқа мінемін / Board the current bus,Қазіргі толық автобусқа мінемін / Board the current full bus,"Күтпеймін, қай автобус келсе — соған мінемін / I won't wait, I'll take whichever bus comes","Әрдайым, автобус күткен сайын / Always, every time I wait for a bus",14–24 жас / 14–24 years,Студентпін / Student
2/5/2026 21:06:50,Күн сайын немесе дерлік күн сайын / Daily or almost daily,Жұмысқа немесе оқуға бару үшін / To go to work or study,Әр сапарымда немесе дерлік әр сапарымда / Every trip or almost every trip,Келесі автобусқа 2 минут күтемін / Wait 2 minutes for the next bus,Келесі автобусқа 5 минут күтемін / Wait 5 minutes for the next bus,Келесі автобусқа 10 минут күтемін / Wait 10 minutes for the next bus,Қазіргі автобусқа мінемін / Board the current bus,Келесі автобусқа 3 минут күтемін / Wait 3 minutes for the next bus,Келесі автобусқа 7 минут күтемін / Wait 7 minutes for the next bus,1–2 минут / 1–2 minutes,"Әрдайым, автобус күткен сайын / Always, every time I wait for a bus",14–24 жас / 14–24 years,Студентпін / Student
2/5/2026 21:06:59,Күн сайын немесе дерлік күн сайын / Daily or almost daily,Жұмысқа немесе оқуға бару үшін / To go to work or study,Сапарларымның көп бөлігінде / On most of my trips,Келесі автобусқа 2 минут күтемін / Wait 2 minutes for the next bus,Келесі автобусқа 5 минут күтемін / Wait 5 minutes for the next bus,Қазіргі автобусқа мінемін / Board the current bus,Қазіргі автобусқа мінемін / Board the current bus,Келесі автобусқа 3 минут күтемін / Wait 3 minutes for the next bus,Қазіргі толық автобусқа мінемін / Board the current full bus,3–5 минут / 3–5 minutes,"Әрдайым, автобус күткен сайын / Always, every time I wait for a bus",14–24 жас / 14–24 years,Студентпін / Student
2/5/2026 21:07:02,Күн сайын немесе дерлік күн сайын / Daily or almost daily,Жұмысқа немесе оқуға бару үшін / To go to work or study,Әр сапарымда немесе дерлік әр сапарымда / Every trip or almost every trip,Қазіргі толық автобусқа бірден мінемін / Board the current full bus immediately,Қазіргі толық автобусқа мінемін / Board the current full bus,Келесі автобусқа 10 минут күтемін / Wait 10 minutes for the next bus,Келесі автобусқа 5 минут күтемін / Wait 5 minutes for the next bus,Келесі автобусқа 3 минут күтемін / Wait 3 minutes for the next bus,Қазіргі толық автобусқа мінемін / Board the current full bus,3–5 минут / 3–5 minutes,Көп жағдайда / Most of the time,14–24 жас / 14–24 years,Студентпін / Student
2/5/2026 21:07:03,Күн сайын немесе дерлік күн сайын / Daily or almost daily,Жұмысқа немесе оқуға бару үшін / To go to work or study,Әр сапарымда немесе дерлік әр сапарымда / Every trip or almost every trip,Келесі автобусқа 2 минут күтемін / Wait 2 minutes for the next bus,Келесі автобусқа 5 минут күтемін / Wait 5 minutes for the next bus,Келесі автобусқа 10 минут күтемін / Wait 10 minutes for the next bus,Келесі автобусқа 5 минут күтемін / Wait 5 minutes for the next bus,Келесі автобусқа 3 минут күтемін / Wait 3 minutes for the next bus,Келесі автобусқа 7 минут күтемін / Wait 7 minutes for the next bus,10 минуттан артық / More than 10 minutes,"Әрдайым, автобус күткен сайын / Always, every time I wait for a bus",14–24 жас / 14–24 years,Студентпін / Student
2/5/2026 21:07:09,Күн сайын немесе дерлік күн сайын / Daily or almost daily,"Жұмысқа немесе оқуға бару үшін / To go to work or study, Демалу, қыдыру немесе  кездесулер үшін / For leisure or social meetings",Әр сапарымда немесе дерлік әр сапарымда / Every trip or almost every trip,Қазіргі толық автобусқа бірден мінемін / Board the current full bus immediately,Қазіргі толық автобусқа мінемін / Board the current full bus,Келесі автобусқа 10 минут күтемін / Wait 10 minutes for the next bus,Қазіргі автобусқа мінемін / Board the current bus,Келесі автобусқа 3 минут күтемін / Wait 3 minutes for the next bus,Келесі автобусқа 7 минут күтемін / Wait 7 minutes for the next bus,3–5 минут / 3–5 minutes,"Әрдайым, автобус күткен сайын / Always, every time I wait for a bus",14–24 жас / 14–24 years,Студентпін / Student
2/5/2026 21:07:17,Күн сайын немесе дерлік күн сайын / Daily or almost daily,Жұмысқа немесе оқуға бару үшін / To go to work or study,Әр сапарымда немесе дерлік әр сапарымда / Every trip or almost every trip,Келесі автобусқа 2 минут күтемін / Wait 2 minutes for the next bus,Келесі автобусқа 5 минут күтемін / Wait 5 minutes for the next bus,Қазіргі автобусқа мінемін / Board the current bus,Келесі автобусқа 5 минут күтемін / Wait 5 minutes for the next bus,Келесі автобусқа 3 минут күтемін / Wait 3 minutes for the next bus,Келесі автобусқа 7 минут күтемін / Wait 7 minutes for the next bus,3–5 минут / 3–5 minutes,"Әрдайым, автобус күткен сайын / Always, every time I wait for a bus",14–24 жас / 14–24 years,Толық толық жұмыс күні бойынша  істеймін / Employed full-time
2/5/2026 21:07:56,Аптасына бір реттен сирек / Less than once a week,Жұмысқа немесе оқуға бару үшін / To go to work or study,Сапарларымның көп бөлігінде / On most of my trips,Қазіргі толық автобусқа бірден мінемін / Board the current full bus immediately,Қазіргі толық автобусқа мінемін / Board the current full bus,Қазіргі автобусқа мінемін / Board the current bus,Қазіргі автобусқа мінемін / Board the current bus,Қазіргі автобусқа мінемін / Board the current bus,Қазіргі толық автобусқа мінемін / Board the current full bus,1–2 минут / 1–2 minutes,Мүлде пайдаланбас едім / I would never use it,14–24 жас / 14–24 years,Студентпін / Student
2/5/2026 21:08:41,Күн сайын немесе дерлік күн сайын / Daily or almost daily,Жұмысқа немесе оқуға бару үшін / To go to work or study,Әр сапарымда немесе дерлік әр сапарымда / Every trip or almost every trip,Келесі автобусқа 2 минут күтемін / Wait 2 minutes for the next bus,Келесі автобусқа 5 минут күтемін / Wait 5 minutes for the next bus,Келесі автобусқа 10 минут күтемін / Wait 10 minutes for the next bus,Қазіргі автобусқа мінемін / Board the current bus,Келесі автобусқа 3 минут күтемін / Wait 3 minutes for the next bus,Келесі автобусқа 7 минут күтемін / Wait 7 minutes for the next bus,1–2 минут / 1–2 minutes,"Әрдайым, автобус күткен сайын / Always, every time I wait for a bus",14–24 жас / 14–24 years,Студентпін / Student
2/5/2026 21:09:50,Күн сайын немесе дерлік күн сайын / Daily or almost daily,Жұмысқа немесе оқуға бару үшін / To go to work or study,Әр сапарымда немесе дерлік әр сапарымда / Every trip or almost every trip,Келесі автобусқа 2 минут күтемін / Wait 2 minutes for the next bus,Келесі автобусқа 5 минут күтемін / Wait 5 minutes for the next bus,Келесі автобусқа 10 минут күтемін / Wait 10 minutes for the next bus,Келесі автобусқа 5 минут күтемін / Wait 5 minutes for the next bus,Келесі автобусқа 3 минут күтемін / Wait 3 minutes for the next bus,Келесі автобусқа 7 минут күтемін / Wait 7 minutes for the next bus,3–5 минут / 3–5 minutes,"Әрдайым, автобус күткен сайын / Always, every time I wait for a bus",14–24 жас / 14–24 years,Студентпін / Student
2/5/2026 21:09:57,Күн сайын немесе дерлік күн сайын / Daily or almost daily,Жұмысқа немесе оқуға бару үшін / To go to work or study,Сапарларымның шамамен жартысында / On about half of my trips,Қазіргі толық автобусқа бірден мінемін / Board the current full bus immediately,Келесі автобусқа 5 минут күтемін / Wait 5 minutes for the next bus,Қазіргі автобусқа мінемін / Board the current bus,Қазіргі автобусқа мінемін / Board the current bus,Қазіргі автобусқа мінемін / Board the current bus,Қазіргі толық автобусқа мінемін / Board the current full bus,3–5 минут / 3–5 minutes,"Кейде, жағдайға байланысты / Sometimes, depending on the situation",14–24 жас / 14–24 years,Студентпін / Student
2/5/2026 21:10:57,Қоғамдық көлікті пайдаланбаймын / I do not use public buses,Жұмысқа немесе оқуға бару үшін / To go to work or study,Мүлде кездестірмедім / Never,,,,,,,,,,
2/5/2026 21:11:03,Күн сайын немесе дерлік күн сайын / Daily or almost daily,Жұмысқа немесе оқуға бару үшін / To go to work or study,Сапарларымның көп бөлігінде / On most of my trips,Келесі автобусқа 2 минут күтемін / Wait 2 minutes for the next bus,Келесі автобусқа 5 минут күтемін / Wait 5 minutes for the next bus,Келесі автобусқа 10 минут күтемін / Wait 10 minutes for the next bus,Қазіргі автобусқа мінемін / Board the current bus,Қазіргі автобусқа мінемін / Board the current bus,Келесі автобусқа 7 минут күтемін / Wait 7 minutes for the next bus,3–5 минут / 3–5 minutes,"Әрдайым, автобус күткен сайын / Always, every time I wait for a bus",14–24 жас / 14–24 years,Студентпін / Student
2/5/2026 21:11:19,Күн сайын немесе дерлік күн сайын / Daily or almost daily,Жұмысқа немесе оқуға бару үшін / To go to work or study,Әр сапарымда немесе дерлік әр сапарымда / Every trip or almost every trip,Келесі автобусқа 2 минут күтемін / Wait 2 minutes for the next bus,Келесі автобусқа 5 минут күтемін / Wait 5 minutes for the next bus,Келесі автобусқа 10 минут күтемін / Wait 10 minutes for the next bus,Қазіргі автобусқа мінемін / Board the current bus,Қазіргі автобусқа мінемін / Board the current bus,Келесі автобусқа 7 минут күтемін / Wait 7 minutes for the next bus,3–5 минут / 3–5 minutes,Сирек / Rarely,14–24 жас / 14–24 years,Студентпін / Student
2/5/2026 21:11:46,Күн сайын немесе дерлік күн сайын / Daily or almost daily,Жұмысқа немесе оқуға бару үшін / To go to work or study,,Келесі автобусқа 2 минут күтемін / Wait 2 minutes for the next bus,Келесі автобусқа 5 минут күтемін / Wait 5 minutes for the next bus,Келесі автобусқа 10 минут күтемін / Wait 10 minutes for the next bus,Қазіргі автобусқа мінемін / Board the current bus,Келесі автобусқа 3 минут күтемін / Wait 3 minutes for the next bus,Келесі автобусқа 7 минут күтемін / Wait 7 minutes for the next bus,6–10 минут / 6–10 minutes,"Әрдайым, автобус күткен сайын / Always, every time I wait for a bus",14–24 жас / 14–24 years,Студентпін / Student
2/5/2026 21:11:52,Күн сайын немесе дерлік күн сайын / Daily or almost daily,"Жұмысқа немесе оқуға бару үшін / To go to work or study, Жеке істер үшін / Personal errands",Сапарларымның көп бөлігінде / On most of my trips,Келесі автобусқа 2 минут күтемін / Wait 2 minutes for the next bus,Келесі автобусқа 5 минут күтемін / Wait 5 minutes for the next bus,Келесі автобусқа 10 минут күтемін / Wait 10 minutes for the next bus,Қазіргі автобусқа мінемін / Board the current bus,Келесі автобусқа 3 минут күтемін / Wait 3 minutes for the next bus,Келесі автобусқа 7 минут күтемін / Wait 7 minutes for the next bus,6–10 минут / 6–10 minutes,Көп жағдайда / Most of the time,14–24 жас / 14–24 years,Студентпін / Student
2/5/2026 21:12:09,Күн сайын немесе дерлік күн сайын / Daily or almost daily,Жұмысқа немесе оқуға бару үшін / To go to work or study,Әр сапарымда немесе дерлік әр сапарымда / Every trip or almost every trip,Келесі автобусқа 2 минут күтемін / Wait 2 minutes for the next bus,Келесі автобусқа 5 минут күтемін / Wait 5 minutes for the next bus,Қазіргі автобусқа мінемін / Board the current bus,Қазіргі автобусқа мінемін / Board the current bus,Қазіргі автобусқа мінемін / Board the current bus,Келесі автобусқа 7 минут күтемін / Wait 7 minutes for the next bus,3–5 минут / 3–5 minutes,"Әрдайым, автобус күткен сайын / Always, every time I wait for a bus",14–24 жас / 14–24 years,Студентпін / Student
2/5/2026 21:12:31,Күн сайын немесе дерлік күн сайын / Daily or almost daily,Жұмысқа немесе оқуға бару үшін / To go to work or study,Сапарларымның шамамен жартысында / On about half of my trips,Келесі автобусқа 2 минут күтемін / Wait 2 minutes for the next bus,Келесі автобусқа 5 минут күтемін / Wait 5 minutes for the next bus,Келесі автобусқа 10 минут күтемін / Wait 10 minutes for the next bus,Келесі автобусқа 5 минут күтемін / Wait 5 minutes for the next bus,Келесі автобусқа 3 минут күтемін / Wait 3 minutes for the next bus,Қазіргі толық автобусқа мінемін / Board the current full bus,1–2 минут / 1–2 minutes,"Әрдайым, автобус күткен сайын / Always, every time I wait for a bus",14–24 жас / 14–24 years,Студентпін / Student
2/5/2026 21:13:31,Күн сайын немесе дерлік күн сайын / Daily or almost daily,Жұмысқа немесе оқуға бару үшін / To go to work or study,Әр сапарымда немесе дерлік әр сапарымда / Every trip or almost every trip,Келесі автобусқа 2 минут күтемін / Wait 2 minutes for the next bus,Келесі автобусқа 5 минут күтемін / Wait 5 minutes for the next bus,Келесі автобусқа 10 минут күтемін / Wait 10 minutes for the next bus,Келесі автобусқа 5 минут күтемін / Wait 5 minutes for the next bus,Келесі автобусқа 3 минут күтемін / Wait 3 minutes for the next bus,Келесі автобусқа 7 минут күтемін / Wait 7 minutes for the next bus,10 минуттан артық / More than 10 minutes,"Әрдайым, автобус күткен сайын / Always, every time I wait for a bus",14–24 жас / 14–24 years,Студентпін / Student
2/5/2026 21:13:55,Күн сайын немесе дерлік күн сайын / Daily or almost daily,"Жұмысқа немесе оқуға бару үшін / To go to work or study, Жеке істер үшін / Personal errands, Демалу, қыдыру немесе  кездесулер үшін / For leisure or social meetings",Әр сапарымда немесе дерлік әр сапарымда / Every trip or almost every trip,Келесі автобусқа 2 минут күтемін / Wait 2 minutes for the next bus,Қазіргі толық автобусқа мінемін / Board the current full bus,Қазіргі автобусқа мінемін / Board the current bus,Қазіргі автобусқа мінемін / Board the current bus,Қазіргі автобусқа мінемін / Board the current bus,Қазіргі толық автобусқа мінемін / Board the current full bus,3–5 минут / 3–5 minutes,"Әрдайым, автобус күткен сайын / Always, every time I wait for a bus",14–24 жас / 14–24 years,Студентпін / Student
2/5/2026 21:15:52,Күн сайын немесе дерлік күн сайын / Daily or almost daily,"Жұмысқа немесе оқуға бару үшін / To go to work or study, Жеке істер үшін / Personal errands",Сапарларымның көп бөлігінде / On most of my trips,Келесі автобусқа 2 минут күтемін / Wait 2 minutes for the next bus,Қазіргі толық автобусқа мінемін / Board the current full bus,Келесі автобусқа 10 минут күтемін / Wait 10 minutes for the next bus,Қазіргі автобусқа мінемін / Board the current bus,Қазіргі автобусқа мінемін / Board the current bus,Қазіргі толық автобусқа мінемін / Board the current full bus,3–5 минут / 3–5 minutes,Көп жағдайда / Most of the time,14–24 жас / 14–24 years,Студентпін / Student
2/5/2026 21:16:25,Күн сайын немесе дерлік күн сайын / Daily or almost daily,Жұмысқа немесе оқуға бару үшін / To go to work or study,Әр сапарымда немесе дерлік әр сапарымда / Every trip or almost every trip,Қазіргі толық автобусқа бірден мінемін / Board the current full bus immediately,Қазіргі толық автобусқа мінемін / Board the current full bus,Қазіргі автобусқа мінемін / Board the current bus,Келесі автобусқа 5 минут күтемін / Wait 5 minutes for the next bus,Келесі автобусқа 3 минут күтемін / Wait 3 minutes for the next bus,Қазіргі толық автобусқа мінемін / Board the current full bus,1–2 минут / 1–2 minutes,"Әрдайым, автобус күткен сайын / Always, every time I wait for a bus",14–24 жас / 14–24 years,Толық емес жұмыс күн графигі бойынша жұмыс істеймін / Employed part-time
2/5/2026 21:17:15,Аптасына бір реттен сирек / Less than once a week,"Жұмысқа немесе оқуға бару үшін / To go to work or study, Демалу, қыдыру немесе  кездесулер үшін / For leisure or social meetings",Сапарларымның шамамен жартысында / On about half of my trips,Келесі автобусқа 2 минут күтемін / Wait 2 minutes for the next bus,Келесі автобусқа 5 минут күтемін / Wait 5 minutes for the next bus,Келесі автобусқа 10 минут күтемін / Wait 10 minutes for the next bus,Қазіргі автобусқа мінемін / Board the current bus,Қазіргі автобусқа мінемін / Board the current bus,Келесі автобусқа 7 минут күтемін / Wait 7 minutes for the next bus,3–5 минут / 3–5 minutes,Сирек / Rarely,14–24 жас / 14–24 years,Студентпін / Student
2/5/2026 21:17:46,Күн сайын немесе дерлік күн сайын / Daily or almost daily,Жұмысқа немесе оқуға бару үшін / To go to work or study,Сапарларымның шамамен жартысында / On about half of my trips,Келесі автобусқа 2 минут күтемін / Wait 2 minutes for the next bus,Келесі автобусқа 5 минут күтемін / Wait 5 minutes for the next bus,Келесі автобусқа 10 минут күтемін / Wait 10 minutes for the next bus,каждый раз по разному ,Қазіргі автобусқа мінемін / Board the current bus,Келесі автобусқа 7 минут күтемін / Wait 7 minutes for the next bus,6–10 минут / 6–10 minutes,"Әрдайым, автобус күткен сайын / Always, every time I wait for a bus",14–24 жас / 14–24 years,Студентпін / Student
2/5/2026 21:18:09,Аптасына 1–2 рет / 1–2 times a week,"Жұмысқа немесе оқуға бару үшін / To go to work or study, Жеке істер үшін / Personal errands",Сапарларымның шамамен жартысында / On about half of my trips,Келесі автобусқа 2 минут күтемін / Wait 2 minutes for the next bus,Келесі автобусқа 5 минут күтемін / Wait 5 minutes for the next bus,Келесі автобусқа 10 минут күтемін / Wait 10 minutes for the next bus,Келесі автобусқа 5 минут күтемін / Wait 5 minutes for the next bus,Келесі автобусқа 3 минут күтемін / Wait 3 minutes for the next bus,Келесі автобусқа 7 минут күтемін / Wait 7 minutes for the next bus,10 минуттан артық / More than 10 minutes,"Кейде, жағдайға байланысты / Sometimes, depending on the situation",14–24 жас / 14–24 years,Жауап бергім келмейді / Prefer not to say
2/5/2026 21:18:40,Күн сайын немесе дерлік күн сайын / Daily or almost daily,Жұмысқа немесе оқуға бару үшін / To go to work or study,Әр сапарымда немесе дерлік әр сапарымда / Every trip or almost every trip,Келесі автобусқа 2 минут күтемін / Wait 2 minutes for the next bus,Қазіргі толық автобусқа мінемін / Board the current full bus,Келесі автобусқа 10 минут күтемін / Wait 10 minutes for the next bus,Келесі автобусқа 5 минут күтемін / Wait 5 minutes for the next bus,Келесі автобусқа 3 минут күтемін / Wait 3 minutes for the next bus,Келесі автобусқа 7 минут күтемін / Wait 7 minutes for the next bus,1–2 минут / 1–2 minutes,"Әрдайым, автобус күткен сайын / Always, every time I wait for a bus",14–24 жас / 14–24 years,Студентпін / Student
2/5/2026 21:18:58,Аптасына 3–4 рет / 3–4 times a week,Жұмысқа немесе оқуға бару үшін / To go to work or study,Сапарларымның шамамен жартысында / On about half of my trips,Келесі автобусқа 2 минут күтемін / Wait 2 minutes for the next bus,Келесі автобусқа 5 минут күтемін / Wait 5 minutes for the next bus,Қазіргі автобусқа мінемін / Board the current bus,Қазіргі автобусқа мінемін / Board the current bus,Келесі автобусқа 3 минут күтемін / Wait 3 minutes for the next bus,Қазіргі толық автобусқа мінемін / Board the current full bus,"Күтпеймін, қай автобус келсе — соған мінемін / I won't wait, I'll take whichever bus comes","Әрдайым, автобус күткен сайын / Always, every time I wait for a bus",14–24 жас / 14–24 years,Студентпін / Student
2/5/2026 21:19:37,Күн сайын немесе дерлік күн сайын / Daily or almost daily,Жұмысқа немесе оқуға бару үшін / To go to work or study,Әр сапарымда немесе дерлік әр сапарымда / Every trip or almost every trip,Қазіргі толық автобусқа бірден мінемін / Board the current full bus immediately,Келесі автобусқа 5 минут күтемін / Wait 5 minutes for the next bus,Келесі автобусқа 10 минут күтемін / Wait 10 minutes for the next bus,Қазіргі автобусқа мінемін / Board the current bus,Келесі автобусқа 3 минут күтемін / Wait 3 minutes for the next bus,Келесі автобусқа 7 минут күтемін / Wait 7 minutes for the next bus,3–5 минут / 3–5 minutes,Көп жағдайда / Most of the time,14–24 жас / 14–24 years,Студентпін / Student
2/5/2026 21:20:13,Күн сайын немесе дерлік күн сайын / Daily or almost daily,"Жұмысқа немесе оқуға бару үшін / To go to work or study, Жеке істер үшін / Personal errands, Демалу, қыдыру немесе  кездесулер үшін / For leisure or social meetings",Сапарларымның көп бөлігінде / On most of my trips,Келесі автобусқа 2 минут күтемін / Wait 2 minutes for the next bus,Келесі автобусқа 5 минут күтемін / Wait 5 minutes for the next bus,Келесі автобусқа 10 минут күтемін / Wait 10 minutes for the next bus,Қазіргі автобусқа мінемін / Board the current bus,Келесі автобусқа 3 минут күтемін / Wait 3 minutes for the next bus,Келесі автобусқа 7 минут күтемін / Wait 7 minutes for the next bus,6–10 минут / 6–10 minutes,"Әрдайым, автобус күткен сайын / Always, every time I wait for a bus",14–24 жас / 14–24 years,Студентпін / Student
2/5/2026 21:20:21,Күн сайын немесе дерлік күн сайын / Daily or almost daily,Жұмысқа немесе оқуға бару үшін / To go to work or study,Сапарларымның шамамен жартысында / On about half of my trips,Келесі автобусқа 2 минут күтемін / Wait 2 minutes for the next bus,Келесі автобусқа 5 минут күтемін / Wait 5 minutes for the next bus,Келесі автобусқа 10 минут күтемін / Wait 10 minutes for the next bus,Қазіргі автобусқа мінемін / Board the current bus,Қазіргі автобусқа мінемін / Board the current bus,Келесі автобусқа 7 минут күтемін / Wait 7 minutes for the next bus,10 минуттан артық / More than 10 minutes,"Кейде, жағдайға байланысты / Sometimes, depending on the situation",14–24 жас / 14–24 years,Студентпін / Student
2/5/2026 21:20:43,Аптасына 3–4 рет / 3–4 times a week,Жұмысқа немесе оқуға бару үшін / To go to work or study,Сапарларымның көп бөлігінде / On most of my trips,Қазіргі толық автобусқа бірден мінемін / Board the current full bus immediately,Қазіргі толық автобусқа мінемін / Board the current full bus,Қазіргі автобусқа мінемін / Board the current bus,Қазіргі автобусқа мінемін / Board the current bus,Қазіргі автобусқа мінемін / Board the current bus,Қазіргі толық автобусқа мінемін / Board the current full bus,"Күтпеймін, қай автобус келсе — соған мінемін / I won't wait, I'll take whichever bus comes","Әрдайым, автобус күткен сайын / Always, every time I wait for a bus",14–24 жас / 14–24 years,Студентпін / Student
2/5/2026 21:21:16,Күн сайын немесе дерлік күн сайын / Daily or almost daily,Жұмысқа немесе оқуға бару үшін / To go to work or study,Әр сапарымда немесе дерлік әр сапарымда / Every trip or almost every trip,Келесі автобусқа 2 минут күтемін / Wait 2 minutes for the next bus,Келесі автобусқа 5 минут күтемін / Wait 5 minutes for the next bus,Келесі автобусқа 10 минут күтемін / Wait 10 minutes for the next bus,Келесі автобусқа 5 минут күтемін / Wait 5 minutes for the next bus,Келесі автобусқа 3 минут күтемін / Wait 3 minutes for the next bus,Келесі автобусқа 7 минут күтемін / Wait 7 minutes for the next bus,3–5 минут / 3–5 minutes,Көп жағдайда / Most of the time,14–24 жас / 14–24 years,Студентпін / Student
2/5/2026 21:21:51,Күн сайын немесе дерлік күн сайын / Daily or almost daily,Жұмысқа немесе оқуға бару үшін / To go to work or study,Сапарларымның шамамен жартысында / On about half of my trips,Келесі автобусқа 2 минут күтемін / Wait 2 minutes for the next bus,Келесі автобусқа 5 минут күтемін / Wait 5 minutes for the next bus,Келесі автобусқа 10 минут күтемін / Wait 10 minutes for the next bus,Қазіргі автобусқа мінемін / Board the current bus,Қазіргі автобусқа мінемін / Board the current bus,Келесі автобусқа 7 минут күтемін / Wait 7 minutes for the next bus,6–10 минут / 6–10 minutes,Көп жағдайда / Most of the time,14–24 жас / 14–24 years,Студентпін / Student
2/5/2026 21:22:49,Күн сайын немесе дерлік күн сайын / Daily or almost daily,Жұмысқа немесе оқуға бару үшін / To go to work or study,Әр сапарымда немесе дерлік әр сапарымда / Every trip or almost every trip,Келесі автобусқа 2 минут күтемін / Wait 2 minutes for the next bus,Келесі автобусқа 5 минут күтемін / Wait 5 minutes for the next bus,Қазіргі автобусқа мінемін / Board the current bus,Келесі автобусқа 5 минут күтемін / Wait 5 minutes for the next bus,Келесі автобусқа 3 минут күтемін / Wait 3 minutes for the next bus,Келесі автобусқа 7 минут күтемін / Wait 7 minutes for the next bus,"Күтпеймін, қай автобус келсе — соған мінемін / I won't wait, I'll take whichever bus comes","Әрдайым, автобус күткен сайын / Always, every time I wait for a bus",14–24 жас / 14–24 years,Студентпін / Student
2/5/2026 21:22:52,Аптасына 3–4 рет / 3–4 times a week,Жеке істер үшін / Personal errands,Сапарларымның көп бөлігінде / On most of my trips,Қазіргі толық автобусқа бірден мінемін / Board the current full bus immediately,Қазіргі толық автобусқа мінемін / Board the current full bus,Қазіргі автобусқа мінемін / Board the current bus,Келесі автобусқа 5 минут күтемін / Wait 5 minutes for the next bus,Келесі автобусқа 3 минут күтемін / Wait 3 minutes for the next bus,Қазіргі толық автобусқа мінемін / Board the current full bus,3–5 минут / 3–5 minutes,Сирек / Rarely,25–34 жас / 25–34 years,Студентпін / Student
2/5/2026 21:22:59,Күн сайын немесе дерлік күн сайын / Daily or almost daily,"Жұмысқа немесе оқуға бару үшін / To go to work or study, Демалу, қыдыру немесе  кездесулер үшін / For leisure or social meetings",Сапарларымның көп бөлігінде / On most of my trips,Келесі автобусқа 2 минут күтемін / Wait 2 minutes for the next bus,Келесі автобусқа 5 минут күтемін / Wait 5 minutes for the next bus,Келесі автобусқа 10 минут күтемін / Wait 10 minutes for the next bus,Қазіргі автобусқа мінемін / Board the current bus,Қазіргі автобусқа мінемін / Board the current bus,Келесі автобусқа 7 минут күтемін / Wait 7 minutes for the next bus,10 минуттан артық / More than 10 minutes,"Әрдайым, автобус күткен сайын / Always, every time I wait for a bus",14–24 жас / 14–24 years,Студентпін / Student
2/5/2026 21:23:10,Күн сайын немесе дерлік күн сайын / Daily or almost daily,Жұмысқа немесе оқуға бару үшін / To go to work or study,Әр сапарымда немесе дерлік әр сапарымда / Every trip or almost every trip,Келесі автобусқа 2 минут күтемін / Wait 2 minutes for the next bus,Келесі автобусқа 5 минут күтемін / Wait 5 minutes for the next bus,Қазіргі автобусқа мінемін / Board the current bus,Келесі автобусқа 5 минут күтемін / Wait 5 minutes for the next bus,Келесі автобусқа 3 минут күтемін / Wait 3 minutes for the next bus,Келесі автобусқа 7 минут күтемін / Wait 7 minutes for the next bus,6–10 минут / 6–10 minutes,"Әрдайым, автобус күткен сайын / Always, every time I wait for a bus",14–24 жас / 14–24 years,Студентпін / Student
2/5/2026 21:23:13,Аптасына 3–4 рет / 3–4 times a week,Жұмысқа немесе оқуға бару үшін / To go to work or study,Әр сапарымда немесе дерлік әр сапарымда / Every trip or almost every trip,Қазіргі толық автобусқа бірден мінемін / Board the current full bus immediately,Қазіргі толық автобусқа мінемін / Board the current full bus,Келесі автобусқа 10 минут күтемін / Wait 10 minutes for the next bus,Қазіргі автобусқа мінемін / Board the current bus,Келесі автобусқа 3 минут күтемін / Wait 3 minutes for the next bus,Қазіргі толық автобусқа мінемін / Board the current full bus,"Күтпеймін, қай автобус келсе — соған мінемін / I won't wait, I'll take whichever bus comes",Сирек / Rarely,14–24 жас / 14–24 years,Студентпін / Student
2/5/2026 21:23:13,Күн сайын немесе дерлік күн сайын / Daily or almost daily,Жұмысқа немесе оқуға бару үшін / To go to work or study,Сапарларымның көп бөлігінде / On most of my trips,Келесі автобусқа 2 минут күтемін / Wait 2 minutes for the next bus,Келесі автобусқа 5 минут күтемін / Wait 5 minutes for the next bus,Келесі автобусқа 10 минут күтемін / Wait 10 minutes for the next bus,Қазіргі автобусқа мінемін / Board the current bus,Қазіргі автобусқа мінемін / Board the current bus,Қазіргі толық автобусқа мінемін / Board the current full bus,"Күтпеймін, қай автобус келсе — соған мінемін / I won't wait, I'll take whichever bus comes","Кейде, жағдайға байланысты / Sometimes, depending on the situation",14–24 жас / 14–24 years,Студентпін / Student
2/5/2026 21:23:30,Күн сайын немесе дерлік күн сайын / Daily or almost daily,Жұмысқа немесе оқуға бару үшін / To go to work or study,Әр сапарымда немесе дерлік әр сапарымда / Every trip or almost every trip,Келесі автобусқа 2 минут күтемін / Wait 2 minutes for the next bus,Қазіргі толық автобусқа мінемін / Board the current full bus,Қазіргі автобусқа мінемін / Board the current bus,Келесі автобусқа 5 минут күтемін / Wait 5 minutes for the next bus,Қазіргі автобусқа мінемін / Board the current bus,Қазіргі толық автобусқа мінемін / Board the current full bus,1–2 минут / 1–2 minutes,Мүлде пайдаланбас едім / I would never use it,14–24 жас / 14–24 years,Жауап бергім келмейді / Prefer not to say
2/5/2026 21:23:43,Күн сайын немесе дерлік күн сайын / Daily or almost daily,Жұмысқа немесе оқуға бару үшін / To go to work or study,Сапарларымның көп бөлігінде / On most of my trips,Келесі автобусқа 2 минут күтемін / Wait 2 minutes for the next bus,Келесі автобусқа 5 минут күтемін / Wait 5 minutes for the next bus,Келесі автобусқа 10 минут күтемін / Wait 10 minutes for the next bus,Қазіргі автобусқа мінемін / Board the current bus,Келесі автобусқа 3 минут күтемін / Wait 3 minutes for the next bus,Келесі автобусқа 7 минут күтемін / Wait 7 minutes for the next bus,3–5 минут / 3–5 minutes,Көп жағдайда / Most of the time,14–24 жас / 14–24 years,Студентпін / Student
2/5/2026 21:25:18,Аптасына 3–4 рет / 3–4 times a week,Жұмысқа немесе оқуға бару үшін / To go to work or study,Сирек / Rarely,Келесі автобусқа 2 минут күтемін / Wait 2 minutes for the next bus,Келесі автобусқа 5 минут күтемін / Wait 5 minutes for the next bus,Келесі автобусқа 10 минут күтемін / Wait 10 minutes for the next bus,Келесі автобусқа 5 минут күтемін / Wait 5 minutes for the next bus,Келесі автобусқа 3 минут күтемін / Wait 3 minutes for the next bus,Келесі автобусқа 7 минут күтемін / Wait 7 minutes for the next bus,6–10 минут / 6–10 minutes,Сирек / Rarely,Жауап бергім келмейді / Prefer not to say,Жауап бергім келмейді / Prefer not to say
2/5/2026 21:25:21,Аптасына бір реттен сирек / Less than once a week,"Демалу, қыдыру немесе  кездесулер үшін / For leisure or social meetings",Әр сапарымда немесе дерлік әр сапарымда / Every trip or almost every trip,Қазіргі толық автобусқа бірден мінемін / Board the current full bus immediately,Қазіргі толық автобусқа мінемін / Board the current full bus,Қазіргі автобусқа мінемін / Board the current bus,Қазіргі автобусқа мінемін / Board the current bus,Қазіргі автобусқа мінемін / Board the current bus,Қазіргі толық автобусқа мінемін / Board the current full bus,"Күтпеймін, қай автобус келсе — соған мінемін / I won't wait, I'll take whichever bus comes","Әрдайым, автобус күткен сайын / Always, every time I wait for a bus",14–24 жас / 14–24 years,Толық емес жұмыс күн графигі бойынша жұмыс істеймін / Employed part-time
2/5/2026 21:26:36,Күн сайын немесе дерлік күн сайын / Daily or almost daily,Жұмысқа немесе оқуға бару үшін / To go to work or study,Сапарларымның көп бөлігінде / On most of my trips,Келесі автобусқа 2 минут күтемін / Wait 2 minutes for the next bus,Қазіргі толық автобусқа мінемін / Board the current full bus,Келесі автобусқа 10 минут күтемін / Wait 10 minutes for the next bus,Қазіргі автобусқа мінемін / Board the current bus,Келесі автобусқа 3 минут күтемін / Wait 3 minutes for the next bus,Келесі автобусқа 7 минут күтемін / Wait 7 minutes for the next bus,3–5 минут / 3–5 minutes,Көп жағдайда / Most of the time,14–24 жас / 14–24 years,Студентпін / Student
2/5/2026 21:27:02,Күн сайын немесе дерлік күн сайын / Daily or almost daily,Жұмысқа немесе оқуға бару үшін / To go to work or study,Әр сапарымда немесе дерлік әр сапарымда / Every trip or almost every trip,Келесі автобусқа 2 минут күтемін / Wait 2 minutes for the next bus,Келесі автобусқа 5 минут күтемін / Wait 5 minutes for the next bus,Қазіргі автобусқа мінемін / Board the current bus,Қазіргі автобусқа мінемін / Board the current bus,Келесі автобусқа 3 минут күтемін / Wait 3 minutes for the next bus,Қазіргі толық автобусқа мінемін / Board the current full bus,"Күтпеймін, қай автобус келсе — соған мінемін / I won't wait, I'll take whichever bus comes","Әрдайым, автобус күткен сайын / Always, every time I wait for a bus",14–24 жас / 14–24 years,Студентпін / Student
2/5/2026 21:27:20,Күн сайын немесе дерлік күн сайын / Daily or almost daily,Жұмысқа немесе оқуға бару үшін / To go to work or study,Әр сапарымда немесе дерлік әр сапарымда / Every trip or almost every trip,Келесі автобусқа 2 минут күтемін / Wait 2 minutes for the next bus,Келесі автобусқа 5 минут күтемін / Wait 5 minutes for the next bus,Қазіргі автобусқа мінемін / Board the current bus,Қазіргі автобусқа мінемін / Board the current bus,Қазіргі автобусқа мінемін / Board the current bus,Қазіргі толық автобусқа мінемін / Board the current full bus,3–5 минут / 3–5 minutes,"Әрдайым, автобус күткен сайын / Always, every time I wait for a bus",14–24 жас / 14–24 years,Студентпін / Student
2/5/2026 21:27:20,Күн сайын немесе дерлік күн сайын / Daily or almost daily,Жұмысқа немесе оқуға бару үшін / To go to work or study,Әр сапарымда немесе дерлік әр сапарымда / Every trip or almost every trip,Келесі автобусқа 2 минут күтемін / Wait 2 minutes for the next bus,Қазіргі толық автобусқа мінемін / Board the current full bus,Келесі автобусқа 10 минут күтемін / Wait 10 minutes for the next bus,Қазіргі автобусқа мінемін / Board the current bus,Қазіргі автобусқа мінемін / Board the current bus,Қазіргі толық автобусқа мінемін / Board the current full bus,1–2 минут / 1–2 minutes,"Әрдайым, автобус күткен сайын / Always, every time I wait for a bus",14–24 жас / 14–24 years,Студентпін / Student
2/5/2026 21:27:27,Күн сайын немесе дерлік күн сайын / Daily or almost daily,Жұмысқа немесе оқуға бару үшін / To go to work or study,Әр сапарымда немесе дерлік әр сапарымда / Every trip or almost every trip,Келесі автобусқа 2 минут күтемін / Wait 2 minutes for the next bus,Келесі автобусқа 5 минут күтемін / Wait 5 minutes for the next bus,Келесі автобусқа 10 минут күтемін / Wait 10 minutes for the next bus,Келесі автобусқа 5 минут күтемін / Wait 5 minutes for the next bus,Қазіргі автобусқа мінемін / Board the current bus,Келесі автобусқа 7 минут күтемін / Wait 7 minutes for the next bus,3–5 минут / 3–5 minutes,"Әрдайым, автобус күткен сайын / Always, every time I wait for a bus",14–24 жас / 14–24 years,Студентпін / Student
2/5/2026 21:28:06,Күн сайын немесе дерлік күн сайын / Daily or almost daily,Жұмысқа немесе оқуға бару үшін / To go to work or study,Әр сапарымда немесе дерлік әр сапарымда / Every trip or almost every trip,Келесі автобусқа 2 минут күтемін / Wait 2 minutes for the next bus,Келесі автобусқа 5 минут күтемін / Wait 5 minutes for the next bus,Келесі автобусқа 10 минут күтемін / Wait 10 minutes for the next bus,Қазіргі автобусқа мінемін / Board the current bus,Қазіргі автобусқа мінемін / Board the current bus,Қазіргі толық автобусқа мінемін / Board the current full bus,3–5 минут / 3–5 minutes,"Әрдайым, автобус күткен сайын / Always, every time I wait for a bus",14–24 жас / 14–24 years,Студентпін / Student
2/5/2026 21:28:06,Күн сайын немесе дерлік күн сайын / Daily or almost daily,Жұмысқа немесе оқуға бару үшін / To go to work or study,Сирек / Rarely,Қазіргі толық автобусқа бірден мінемін / Board the current full bus immediately,Келесі автобусқа 5 минут күтемін / Wait 5 minutes for the next bus,Келесі автобусқа 10 минут күтемін / Wait 10 minutes for the next bus,Қазіргі автобусқа мінемін / Board the current bus,Қазіргі автобусқа мінемін / Board the current bus,Қазіргі толық автобусқа мінемін / Board the current full bus,3–5 минут / 3–5 minutes,"Кейде, жағдайға байланысты / Sometimes, depending on the situation",14–24 жас / 14–24 years,Студентпін / Student
2/5/2026 21:28:46,Күн сайын немесе дерлік күн сайын / Daily or almost daily,Жұмысқа немесе оқуға бару үшін / To go to work or study,Әр сапарымда немесе дерлік әр сапарымда / Every trip or almost every trip,Келесі автобусқа 2 минут күтемін / Wait 2 minutes for the next bus,Келесі автобусқа 5 минут күтемін / Wait 5 minutes for the next bus,Келесі автобусқа 10 минут күтемін / Wait 10 minutes for the next bus,Келесі автобусқа 5 минут күтемін / Wait 5 minutes for the next bus,Келесі автобусқа 3 минут күтемін / Wait 3 minutes for the next bus,Келесі автобусқа 7 минут күтемін / Wait 7 minutes for the next bus,10 минуттан артық / More than 10 minutes,"Әрдайым, автобус күткен сайын / Always, every time I wait for a bus",14–24 жас / 14–24 years,Студентпін / Student
2/5/2026 21:30:09,Аптасына 3–4 рет / 3–4 times a week,Жұмысқа немесе оқуға бару үшін / To go to work or study,Сапарларымның шамамен жартысында / On about half of my trips,Келесі автобусқа 2 минут күтемін / Wait 2 minutes for the next bus,Қазіргі толық автобусқа мінемін / Board the current full bus,Қазіргі автобусқа мінемін / Board the current bus,Келесі автобусқа 5 минут күтемін / Wait 5 minutes for the next bus,Қазіргі автобусқа мінемін / Board the current bus,Қазіргі толық автобусқа мінемін / Board the current full bus,1–2 минут / 1–2 minutes,"Әрдайым, автобус күткен сайын / Always, every time I wait for a bus",14–24 жас / 14–24 years,Студентпін / Student
2/5/2026 21:30:21,Күн сайын немесе дерлік күн сайын / Daily or almost daily,Жұмысқа немесе оқуға бару үшін / To go to work or study,Әр сапарымда немесе дерлік әр сапарымда / Every trip or almost every trip,Қазіргі толық автобусқа бірден мінемін / Board the current full bus immediately,Келесі автобусқа 5 минут күтемін / Wait 5 minutes for the next bus,Келесі автобусқа 10 минут күтемін / Wait 10 minutes for the next bus,Қазіргі автобусқа мінемін / Board the current bus,Келесі автобусқа 3 минут күтемін / Wait 3 minutes for the next bus,Қазіргі толық автобусқа мінемін / Board the current full bus,1–2 минут / 1–2 minutes,Сирек / Rarely,14–24 жас / 14–24 years,Студентпін / Student
2/5/2026 21:30:25,Күн сайын немесе дерлік күн сайын / Daily or almost daily,Жұмысқа немесе оқуға бару үшін / To go to work or study,Сапарларымның көп бөлігінде / On most of my trips,Келесі автобусқа 2 минут күтемін / Wait 2 minutes for the next bus,Келесі автобусқа 5 минут күтемін / Wait 5 minutes for the next bus,Келесі автобусқа 10 минут күтемін / Wait 10 minutes for the next bus,Қазіргі автобусқа мінемін / Board the current bus,Келесі автобусқа 3 минут күтемін / Wait 3 minutes for the next bus,Келесі автобусқа 7 минут күтемін / Wait 7 minutes for the next bus,3–5 минут / 3–5 minutes,"Әрдайым, автобус күткен сайын / Always, every time I wait for a bus",14–24 жас / 14–24 years,Студентпін / Student
2/5/2026 21:31:34,Күн сайын немесе дерлік күн сайын / Daily or almost daily,Жұмысқа немесе оқуға бару үшін / To go to work or study,Сапарларымның көп бөлігінде / On most of my trips,Келесі автобусқа 2 минут күтемін / Wait 2 minutes for the next bus,Келесі автобусқа 5 минут күтемін / Wait 5 minutes for the next bus,Келесі автобусқа 10 минут күтемін / Wait 10 minutes for the next bus,Қазіргі автобусқа мінемін / Board the current bus,Келесі автобусқа 3 минут күтемін / Wait 3 minutes for the next bus,Келесі автобусқа 7 минут күтемін / Wait 7 minutes for the next bus,6–10 минут / 6–10 minutes,"Әрдайым, автобус күткен сайын / Always, every time I wait for a bus",14–24 жас / 14–24 years,Студентпін / Student
2/5/2026 21:34:14,Күн сайын немесе дерлік күн сайын / Daily or almost daily,Жұмысқа немесе оқуға бару үшін / To go to work or study,Әр сапарымда немесе дерлік әр сапарымда / Every trip or almost every trip,Келесі автобусқа 2 минут күтемін / Wait 2 minutes for the next bus,Келесі автобусқа 5 минут күтемін / Wait 5 minutes for the next bus,Келесі автобусқа 10 минут күтемін / Wait 10 minutes for the next bus,Келесі автобусқа 5 минут күтемін / Wait 5 minutes for the next bus,Келесі автобусқа 3 минут күтемін / Wait 3 minutes for the next bus,Келесі автобусқа 7 минут күтемін / Wait 7 minutes for the next bus,6–10 минут / 6–10 minutes,Мүлде пайдаланбас едім / I would never use it,25–34 жас / 25–34 years,Жауап бергім келмейді / Prefer not to say
2/5/2026 21:34:27,Аптасына бір реттен сирек / Less than once a week,Жеке істер үшін / Personal errands,Сапарларымның көп бөлігінде / On most of my trips,Қазіргі толық автобусқа бірден мінемін / Board the current full bus immediately,Қазіргі толық автобусқа мінемін / Board the current full bus,Келесі автобусқа 10 минут күтемін / Wait 10 minutes for the next bus,Келесі автобусқа 5 минут күтемін / Wait 5 minutes for the next bus,Келесі автобусқа 3 минут күтемін / Wait 3 minutes for the next bus,Келесі автобусқа 7 минут күтемін / Wait 7 minutes for the next bus,3–5 минут / 3–5 minutes,Көп жағдайда / Most of the time,14–24 жас / 14–24 years,Толық емес жұмыс күн графигі бойынша жұмыс істеймін / Employed part-time
2/5/2026 21:36:30,Күн сайын немесе дерлік күн сайын / Daily or almost daily,Жұмысқа немесе оқуға бару үшін / To go to work or study,Сапарларымның көп бөлігінде / On most of my trips,Келесі автобусқа 2 минут күтемін / Wait 2 minutes for the next bus,Қазіргі толық автобусқа мінемін / Board the current full bus,Келесі автобусқа 10 минут күтемін / Wait 10 minutes for the next bus,Қазіргі автобусқа мінемін / Board the current bus,Қазіргі автобусқа мінемін / Board the current bus,Келесі автобусқа 7 минут күтемін / Wait 7 minutes for the next bus,6–10 минут / 6–10 minutes,"Әрдайым, автобус күткен сайын / Always, every time I wait for a bus",14–24 жас / 14–24 years,Студентпін / Student
2/5/2026 21:36:33,Аптасына 3–4 рет / 3–4 times a week,Жұмысқа немесе оқуға бару үшін / To go to work or study,Әр сапарымда немесе дерлік әр сапарымда / Every trip or almost every trip,Қазіргі толық автобусқа бірден мінемін / Board the current full bus immediately,Қазіргі толық автобусқа мінемін / Board the current full bus,Келесі автобусқа 10 минут күтемін / Wait 10 minutes for the next bus,Қазіргі автобусқа мінемін / Board the current bus,Келесі автобусқа 3 минут күтемін / Wait 3 minutes for the next bus,Қазіргі толық автобусқа мінемін / Board the current full bus,3–5 минут / 3–5 minutes,"Кейде, жағдайға байланысты / Sometimes, depending on the situation",14–24 жас / 14–24 years,Студентпін / Student
2/5/2026 21:37:11,Күн сайын немесе дерлік күн сайын / Daily or almost daily,Жұмысқа немесе оқуға бару үшін / To go to work or study,Әр сапарымда немесе дерлік әр сапарымда / Every trip or almost every trip,Келесі автобусқа 2 минут күтемін / Wait 2 minutes for the next bus,Келесі автобусқа 5 минут күтемін / Wait 5 minutes for the next bus,Келесі автобусқа 10 минут күтемін / Wait 10 minutes for the next bus,Келесі автобусқа 5 минут күтемін / Wait 5 minutes for the next bus,Келесі автобусқа 3 минут күтемін / Wait 3 minutes for the next bus,Қазіргі толық автобусқа мінемін / Board the current full bus,10 минуттан артық / More than 10 minutes,Сирек / Rarely,14–24 жас / 14–24 years,Студентпін / Student
2/5/2026 21:37:11,Күн сайын немесе дерлік күн сайын / Daily or almost daily,Жұмысқа немесе оқуға бару үшін / To go to work or study,Сапарларымның көп бөлігінде / On most of my trips,Келесі автобусқа 2 минут күтемін / Wait 2 minutes for the next bus,Келесі автобусқа 5 минут күтемін / Wait 5 minutes for the next bus,Келесі автобусқа 10 минут күтемін / Wait 10 minutes for the next bus,Келесі автобусқа 5 минут күтемін / Wait 5 minutes for the next bus,Қазіргі автобусқа мінемін / Board the current bus,Келесі автобусқа 7 минут күтемін / Wait 7 minutes for the next bus,10 минуттан артық / More than 10 minutes,"Әрдайым, автобус күткен сайын / Always, every time I wait for a bus",14–24 жас / 14–24 years,Студентпін / Student
2/5/2026 21:37:51,Күн сайын немесе дерлік күн сайын / Daily or almost daily,Жұмысқа немесе оқуға бару үшін / To go to work or study,Сапарларымның көп бөлігінде / On most of my trips,Келесі автобусқа 2 минут күтемін / Wait 2 minutes for the next bus,Келесі автобусқа 5 минут күтемін / Wait 5 minutes for the next bus,Қазіргі автобусқа мінемін / Board the current bus,Келесі автобусқа 5 минут күтемін / Wait 5 minutes for the next bus,Келесі автобусқа 3 минут күтемін / Wait 3 minutes for the next bus,Қазіргі толық автобусқа мінемін / Board the current full bus,3–5 минут / 3–5 minutes,"Әрдайым, автобус күткен сайын / Always, every time I wait for a bus",14–24 жас / 14–24 years,Студентпін / Student
2/5/2026 21:38:07,Күн сайын немесе дерлік күн сайын / Daily or almost daily,"Жұмысқа немесе оқуға бару үшін / To go to work or study, Жеке істер үшін / Personal errands, Демалу, қыдыру немесе  кездесулер үшін / For leisure or social meetings",Әр сапарымда немесе дерлік әр сапарымда / Every trip or almost every trip,Келесі автобусқа 2 минут күтемін / Wait 2 minutes for the next bus,Келесі автобусқа 5 минут күтемін / Wait 5 minutes for the next bus,Келесі автобусқа 10 минут күтемін / Wait 10 minutes for the next bus,Қазіргі автобусқа мінемін / Board the current bus,Қазіргі автобусқа мінемін / Board the current bus,Келесі автобусқа 7 минут күтемін / Wait 7 minutes for the next bus,3–5 минут / 3–5 minutes,"Әрдайым, автобус күткен сайын / Always, every time I wait for a bus",14–24 жас / 14–24 years,Студентпін / Student
2/5/2026 21:38:38,Күн сайын немесе дерлік күн сайын / Daily or almost daily,Жұмысқа немесе оқуға бару үшін / To go to work or study,Сапарларымның шамамен жартысында / On about half of my trips,Келесі автобусқа 2 минут күтемін / Wait 2 minutes for the next bus,Келесі автобусқа 5 минут күтемін / Wait 5 minutes for the next bus,Қазіргі автобусқа мінемін / Board the current bus,Келесі автобусқа 5 минут күтемін / Wait 5 minutes for the next bus,Келесі автобусқа 3 минут күтемін / Wait 3 minutes for the next bus,Қазіргі толық автобусқа мінемін / Board the current full bus,6–10 минут / 6–10 minutes,"Әрдайым, автобус күткен сайын / Always, every time I wait for a bus",14–24 жас / 14–24 years,Студентпін / Student
2/5/2026 21:39:29,Күн сайын немесе дерлік күн сайын / Daily or almost daily,Жұмысқа немесе оқуға бару үшін / To go to work or study,Сапарларымның көп бөлігінде / On most of my trips,Келесі автобусқа 2 минут күтемін / Wait 2 minutes for the next bus,Қазіргі толық автобусқа мінемін / Board the current full bus,Қазіргі автобусқа мінемін / Board the current bus,Келесі автобусқа 5 минут күтемін / Wait 5 minutes for the next bus,Қазіргі автобусқа мінемін / Board the current bus,Келесі автобусқа 7 минут күтемін / Wait 7 minutes for the next bus,3–5 минут / 3–5 minutes,Сирек / Rarely,45–54 жас / 45–54 years,Студентпін / Student
2/5/2026 21:39:42,Күн сайын немесе дерлік күн сайын / Daily or almost daily,"Жұмысқа немесе оқуға бару үшін / To go to work or study, Жеке істер үшін / Personal errands, Демалу, қыдыру немесе  кездесулер үшін / For leisure or social meetings",Әр сапарымда немесе дерлік әр сапарымда / Every trip or almost every trip,Келесі автобусқа 2 минут күтемін / Wait 2 minutes for the next bus,Келесі автобусқа 5 минут күтемін / Wait 5 minutes for the next bus,Қазіргі автобусқа мінемін / Board the current bus,Қазіргі автобусқа мінемін / Board the current bus,Келесі автобусқа 3 минут күтемін / Wait 3 minutes for the next bus,Келесі автобусқа 7 минут күтемін / Wait 7 minutes for the next bus,3–5 минут / 3–5 minutes,"Әрдайым, автобус күткен сайын / Always, every time I wait for a bus",,Студентпін / Student
2/5/2026 21:40:07,Күн сайын немесе дерлік күн сайын / Daily or almost daily,Жұмысқа немесе оқуға бару үшін / To go to work or study,Сапарларымның көп бөлігінде / On most of my trips,Келесі автобусқа 2 минут күтемін / Wait 2 minutes for the next bus,Келесі автобусқа 5 минут күтемін / Wait 5 minutes for the next bus,Келесі автобусқа 10 минут күтемін / Wait 10 minutes for the next bus,Қазіргі автобусқа мінемін / Board the current bus,Келесі автобусқа 3 минут күтемін / Wait 3 minutes for the next bus,Келесі автобусқа 7 минут күтемін / Wait 7 minutes for the next bus,3–5 минут / 3–5 minutes,"Әрдайым, автобус күткен сайын / Always, every time I wait for a bus",14–24 жас / 14–24 years,Студентпін / Student
2/5/2026 21:43:43,Күн сайын немесе дерлік күн сайын / Daily or almost daily,Жұмысқа немесе оқуға бару үшін / To go to work or study,Сапарларымның шамамен жартысында / On about half of my trips,Келесі автобусқа 2 минут күтемін / Wait 2 minutes for the next bus,Келесі автобусқа 5 минут күтемін / Wait 5 minutes for the next bus,Қазіргі автобусқа мінемін / Board the current bus,Келесі автобусқа 5 минут күтемін / Wait 5 minutes for the next bus,Келесі автобусқа 3 минут күтемін / Wait 3 minutes for the next bus,Қазіргі толық автобусқа мінемін / Board the current full bus,3–5 минут / 3–5 minutes,"Әрдайым, автобус күткен сайын / Always, every time I wait for a bus",14–24 жас / 14–24 years,Студентпін / Student
2/5/2026 21:45:35,Күн сайын немесе дерлік күн сайын / Daily or almost daily,Жұмысқа немесе оқуға бару үшін / To go to work or study,Сапарларымның көп бөлігінде / On most of my trips,Келесі автобусқа 2 минут күтемін / Wait 2 minutes for the next bus,Қазіргі толық автобусқа мінемін / Board the current full bus,Келесі автобусқа 10 минут күтемін / Wait 10 minutes for the next bus,Келесі автобусқа 5 минут күтемін / Wait 5 minutes for the next bus,Келесі автобусқа 3 минут күтемін / Wait 3 minutes for the next bus,Қазіргі толық автобусқа мінемін / Board the current full bus,10 минуттан артық / More than 10 minutes,"Әрдайым, автобус күткен сайын / Always, every time I wait for a bus",14–24 жас / 14–24 years,Толық емес жұмыс күн графигі бойынша жұмыс істеймін / Employed part-time
2/5/2026 21:46:16,Күн сайын немесе дерлік күн сайын / Daily or almost daily,"Жұмысқа немесе оқуға бару үшін / To go to work or study, Жеке істер үшін / Personal errands, Демалу, қыдыру немесе  кездесулер үшін / For leisure or social meetings",Әр сапарымда немесе дерлік әр сапарымда / Every trip or almost every trip,Қазіргі толық автобусқа бірден мінемін / Board the current full bus immediately,Қазіргі толық автобусқа мінемін / Board the current full bus,I've been waiting for the bus for 30 minutes.,Қазіргі автобусқа мінемін / Board the current bus,I've been waiting for the bus for 30 minutes. ,I've been waiting for the bus for 1.5 hours.,10 минуттан артық / More than 10 minutes,"Әрдайым, автобус күткен сайын / Always, every time I wait for a bus",14–24 жас / 14–24 years,Студентпін / Student
2/5/2026 21:48:09,Күн сайын немесе дерлік күн сайын / Daily or almost daily,Жұмысқа немесе оқуға бару үшін / To go to work or study,Әр сапарымда немесе дерлік әр сапарымда / Every trip or almost every trip,Келесі автобусқа 2 минут күтемін / Wait 2 minutes for the next bus,Келесі автобусқа 5 минут күтемін / Wait 5 minutes for the next bus,Қазіргі автобусқа мінемін / Board the current bus,Қазіргі автобусқа мінемін / Board the current bus,Келесі автобусқа 3 минут күтемін / Wait 3 minutes for the next bus,Келесі автобусқа 7 минут күтемін / Wait 7 minutes for the next bus,1–2 минут / 1–2 minutes,"Әрдайым, автобус күткен сайын / Always, every time I wait for a bus",14–24 жас / 14–24 years,Студентпін / Student
2/5/2026 21:49:11,Күн сайын немесе дерлік күн сайын / Daily or almost daily,Жұмысқа немесе оқуға бару үшін / To go to work or study,Сапарларымның көп бөлігінде / On most of my trips,Келесі автобусқа 2 минут күтемін / Wait 2 minutes for the next bus,Келесі автобусқа 5 минут күтемін / Wait 5 minutes for the next bus,Келесі автобусқа 10 минут күтемін / Wait 10 minutes for the next bus,Келесі автобусқа 5 минут күтемін / Wait 5 minutes for the next bus,Келесі автобусқа 3 минут күтемін / Wait 3 minutes for the next bus,Қазіргі толық автобусқа мінемін / Board the current full bus,3–5 минут / 3–5 minutes,Көп жағдайда / Most of the time,14–24 жас / 14–24 years,Студентпін / Student
2/5/2026 21:54:12,Күн сайын немесе дерлік күн сайын / Daily or almost daily,Жұмысқа немесе оқуға бару үшін / To go to work or study,Сапарларымның көп бөлігінде / On most of my trips,Келесі автобусқа 2 минут күтемін / Wait 2 minutes for the next bus,Келесі автобусқа 5 минут күтемін / Wait 5 minutes for the next bus,Келесі автобусқа 10 минут күтемін / Wait 10 minutes for the next bus,Қазіргі автобусқа мінемін / Board the current bus,Қазіргі автобусқа мінемін / Board the current bus,Келесі автобусқа 7 минут күтемін / Wait 7 minutes for the next bus,6–10 минут / 6–10 minutes,"Әрдайым, автобус күткен сайын / Always, every time I wait for a bus",14–24 жас / 14–24 years,Студентпін / Student
2/5/2026 21:54:55,Күн сайын немесе дерлік күн сайын / Daily or almost daily,"Жұмысқа немесе оқуға бару үшін / To go to work or study, Жеке істер үшін / Personal errands, Демалу, қыдыру немесе  кездесулер үшін / For leisure or social meetings",Әр сапарымда немесе дерлік әр сапарымда / Every trip or almost every trip,Келесі автобусқа 2 минут күтемін / Wait 2 minutes for the next bus,Келесі автобусқа 5 минут күтемін / Wait 5 minutes for the next bus,Қазіргі автобусқа мінемін / Board the current bus,Қазіргі автобусқа мінемін / Board the current bus,Келесі автобусқа 3 минут күтемін / Wait 3 minutes for the next bus,Қазіргі толық автобусқа мінемін / Board the current full bus,1–2 минут / 1–2 minutes,"Әрдайым, автобус күткен сайын / Always, every time I wait for a bus",14–24 жас / 14–24 years,Студентпін / Student
2/5/2026 21:55:21,Күн сайын немесе дерлік күн сайын / Daily or almost daily,Жұмысқа немесе оқуға бару үшін / To go to work or study,Әр сапарымда немесе дерлік әр сапарымда / Every trip or almost every trip,Қазіргі толық автобусқа бірден мінемін / Board the current full bus immediately,Келесі автобусқа 5 минут күтемін / Wait 5 minutes for the next bus,Келесі автобусқа 10 минут күтемін / Wait 10 minutes for the next bus,Келесі автобусқа 5 минут күтемін / Wait 5 minutes for the next bus,Келесі автобусқа 3 минут күтемін / Wait 3 minutes for the next bus,Қазіргі толық автобусқа мінемін / Board the current full bus,3–5 минут / 3–5 minutes,Көп жағдайда / Most of the time,14–24 жас / 14–24 years,Студентпін / Student
2/5/2026 21:56:09,Күн сайын немесе дерлік күн сайын / Daily or almost daily,Жұмысқа немесе оқуға бару үшін / To go to work or study,Әр сапарымда немесе дерлік әр сапарымда / Every trip or almost every trip,Келесі автобусқа 2 минут күтемін / Wait 2 minutes for the next bus,Қазіргі толық автобусқа мінемін / Board the current full bus,Келесі автобусқа 10 минут күтемін / Wait 10 minutes for the next bus,Қазіргі автобусқа мінемін / Board the current bus,Қазіргі автобусқа мінемін / Board the current bus,Келесі автобусқа 7 минут күтемін / Wait 7 minutes for the next bus,1–2 минут / 1–2 minutes,"Әрдайым, автобус күткен сайын / Always, every time I wait for a bus",14–24 жас / 14–24 years,Студентпін / Student
2/5/2026 22:01:39,Күн сайын немесе дерлік күн сайын / Daily or almost daily,"Жұмысқа немесе оқуға бару үшін / To go to work or study, Жеке істер үшін / Personal errands",Әр сапарымда немесе дерлік әр сапарымда / Every trip or almost every trip,Қазіргі толық автобусқа бірден мінемін / Board the current full bus immediately,Қазіргі толық автобусқа мінемін / Board the current full bus,Келесі автобусқа 10 минут күтемін / Wait 10 minutes for the next bus,Қазіргі автобусқа мінемін / Board the current bus,Келесі автобусқа 3 минут күтемін / Wait 3 minutes for the next bus,Келесі автобусқа 7 минут күтемін / Wait 7 minutes for the next bus,10 минуттан артық / More than 10 minutes,"Кейде, жағдайға байланысты / Sometimes, depending on the situation",14–24 жас / 14–24 years,Студентпін / Student
2/5/2026 22:04:07,Күн сайын немесе дерлік күн сайын / Daily or almost daily,Жұмысқа немесе оқуға бару үшін / To go to work or study,Сирек / Rarely,Келесі автобусқа 2 минут күтемін / Wait 2 minutes for the next bus,Келесі автобусқа 5 минут күтемін / Wait 5 minutes for the next bus,Қазіргі автобусқа мінемін / Board the current bus,Қазіргі автобусқа мінемін / Board the current bus,Қазіргі автобусқа мінемін / Board the current bus,Келесі автобусқа 7 минут күтемін / Wait 7 minutes for the next bus,1–2 минут / 1–2 minutes,"Әрдайым, автобус күткен сайын / Always, every time I wait for a bus",14–24 жас / 14–24 years,Студентпін / Student
2/5/2026 22:04:52,Аптасына 3–4 рет / 3–4 times a week,Жұмысқа немесе оқуға бару үшін / To go to work or study,Әр сапарымда немесе дерлік әр сапарымда / Every trip or almost every trip,Келесі автобусқа 2 минут күтемін / Wait 2 minutes for the next bus,Қазіргі толық автобусқа мінемін / Board the current full bus,Келесі автобусқа 10 минут күтемін / Wait 10 minutes for the next bus,Келесі автобусқа 5 минут күтемін / Wait 5 minutes for the next bus,Келесі автобусқа 3 минут күтемін / Wait 3 minutes for the next bus,Келесі автобусқа 7 минут күтемін / Wait 7 minutes for the next bus,1–2 минут / 1–2 minutes,"Әрдайым, автобус күткен сайын / Always, every time I wait for a bus",14–24 жас / 14–24 years,Студентпін / Student
2/5/2026 22:14:16,Күн сайын немесе дерлік күн сайын / Daily or almost daily,Жұмысқа немесе оқуға бару үшін / To go to work or study,Сапарларымның көп бөлігінде / On most of my trips,Келесі автобусқа 2 минут күтемін / Wait 2 minutes for the next bus,Қазіргі толық автобусқа мінемін / Board the current full bus,Келесі автобусқа 10 минут күтемін / Wait 10 minutes for the next bus,Қазіргі автобусқа мінемін / Board the current bus,Келесі автобусқа 3 минут күтемін / Wait 3 minutes for the next bus,Келесі автобусқа 7 минут күтемін / Wait 7 minutes for the next bus,6–10 минут / 6–10 minutes,"Әрдайым, автобус күткен сайын / Always, every time I wait for a bus",14–24 жас / 14–24 years,Студентпін / Student
2/5/2026 22:17:19,Аптасына бір реттен сирек / Less than once a week,Жеке істер үшін / Personal errands,Сирек / Rarely,Келесі автобусқа 2 минут күтемін / Wait 2 minutes for the next bus,Қазіргі толық автобусқа мінемін / Board the current full bus,Келесі автобусқа 10 минут күтемін / Wait 10 minutes for the next bus,Қазіргі автобусқа мінемін / Board the current bus,Қазіргі автобусқа мінемін / Board the current bus,Қазіргі толық автобусқа мінемін / Board the current full bus,"Күтпеймін, қай автобус келсе — соған мінемін / I won't wait, I'll take whichever bus comes","Кейде, жағдайға байланысты / Sometimes, depending on the situation",35–44 жас / 35–44 years,Жұмыссызбын немесе зейнеткермін / Unemployed or Retired
2/5/2026 22:21:04,Күн сайын немесе дерлік күн сайын / Daily or almost daily,Жұмысқа немесе оқуға бару үшін / To go to work or study,Сапарларымның шамамен жартысында / On about half of my trips,Келесі автобусқа 2 минут күтемін / Wait 2 minutes for the next bus,Келесі автобусқа 5 минут күтемін / Wait 5 minutes for the next bus,Келесі автобусқа 10 минут күтемін / Wait 10 minutes for the next bus,Келесі автобусқа 5 минут күтемін / Wait 5 minutes for the next bus,Қазіргі автобусқа мінемін / Board the current bus,Қазіргі толық автобусқа мінемін / Board the current full bus,10 минуттан артық / More than 10 minutes,Сирек / Rarely,14–24 жас / 14–24 years,Студентпін / Student
2/5/2026 22:28:30,Күн сайын немесе дерлік күн сайын / Daily or almost daily,"Жұмысқа немесе оқуға бару үшін / To go to work or study, Жеке істер үшін / Personal errands",Әр сапарымда немесе дерлік әр сапарымда / Every trip or almost every trip,Қазіргі толық автобусқа бірден мінемін / Board the current full bus immediately,Қазіргі толық автобусқа мінемін / Board the current full bus,Қазіргі автобусқа мінемін / Board the current bus,Қазіргі автобусқа мінемін / Board the current bus,Қазіргі автобусқа мінемін / Board the current bus,Қазіргі толық автобусқа мінемін / Board the current full bus,"Күтпеймін, қай автобус келсе — соған мінемін / I won't wait, I'll take whichever bus comes",Көп жағдайда / Most of the time,14–24 жас / 14–24 years,Студентпін / Student
2/5/2026 22:29:07,Күн сайын немесе дерлік күн сайын / Daily or almost daily,Жұмысқа немесе оқуға бару үшін / To go to work or study,,Қазіргі толық автобусқа бірден мінемін / Board the current full bus immediately,Қазіргі толық автобусқа мінемін / Board the current full bus,Қазіргі автобусқа мінемін / Board the current bus,Қазіргі автобусқа мінемін / Board the current bus,Қазіргі автобусқа мінемін / Board the current bus,Қазіргі толық автобусқа мінемін / Board the current full bus,6–10 минут / 6–10 minutes,"Әрдайым, автобус күткен сайын / Always, every time I wait for a bus",14–24 жас / 14–24 years,Студентпін / Student
2/5/2026 22:39:30,Күн сайын немесе дерлік күн сайын / Daily or almost daily,Жұмысқа немесе оқуға бару үшін / To go to work or study,Әр сапарымда немесе дерлік әр сапарымда / Every trip or almost every trip,Қазіргі толық автобусқа бірден мінемін / Board the current full bus immediately,Қазіргі толық автобусқа мінемін / Board the current full bus,Қазіргі автобусқа мінемін / Board the current bus,Қазіргі автобусқа мінемін / Board the current bus,Қазіргі автобусқа мінемін / Board the current bus,Қазіргі толық автобусқа мінемін / Board the current full bus,"Күтпеймін, қай автобус келсе — соған мінемін / I won't wait, I'll take whichever bus comes","Әрдайым, автобус күткен сайын / Always, every time I wait for a bus",14–24 жас / 14–24 years,Студентпін / Student
2/5/2026 22:45:22,Күн сайын немесе дерлік күн сайын / Daily or almost daily,"Жұмысқа немесе оқуға бару үшін / To go to work or study, Жеке істер үшін / Personal errands, Демалу, қыдыру немесе  кездесулер үшін / For leisure or social meetings",Әр сапарымда немесе дерлік әр сапарымда / Every trip or almost every trip,Келесі автобусқа 2 минут күтемін / Wait 2 minutes for the next bus,Келесі автобусқа 5 минут күтемін / Wait 5 minutes for the next bus,Келесі автобусқа 10 минут күтемін / Wait 10 minutes for the next bus,Қазіргі автобусқа мінемін / Board the current bus,Қазіргі автобусқа мінемін / Board the current bus,Келесі автобусқа 7 минут күтемін / Wait 7 minutes for the next bus,"Күтпеймін, қай автобус келсе — соған мінемін / I won't wait, I'll take whichever bus comes","Әрдайым, автобус күткен сайын / Always, every time I wait for a bus",14–24 жас / 14–24 years,Студентпін / Student
2/5/2026 22:49:04,Күн сайын немесе дерлік күн сайын / Daily or almost daily,"Жұмысқа немесе оқуға бару үшін / To go to work or study, Жеке істер үшін / Personal errands, Демалу, қыдыру немесе  кездесулер үшін / For leisure or social meetings",Сапарларымның көп бөлігінде / On most of my trips,Келесі автобусқа 2 минут күтемін / Wait 2 minutes for the next bus,Келесі автобусқа 5 минут күтемін / Wait 5 minutes for the next bus,Келесі автобусқа 10 минут күтемін / Wait 10 minutes for the next bus,Қазіргі автобусқа мінемін / Board the current bus,Келесі автобусқа 3 минут күтемін / Wait 3 minutes for the next bus,Келесі автобусқа 7 минут күтемін / Wait 7 minutes for the next bus,3–5 минут / 3–5 minutes,"Әрдайым, автобус күткен сайын / Always, every time I wait for a bus",14–24 жас / 14–24 years,Студентпін / Student
2/5/2026 23:49:25,Күн сайын немесе дерлік күн сайын / Daily or almost daily,Жұмысқа немесе оқуға бару үшін / To go to work or study,Әр сапарымда немесе дерлік әр сапарымда / Every trip or almost every trip,Келесі автобусқа 2 минут күтемін / Wait 2 minutes for the next bus,Келесі автобусқа 5 минут күтемін / Wait 5 minutes for the next bus,Келесі автобусқа 10 минут күтемін / Wait 10 minutes for the next bus,Келесі автобусқа 5 минут күтемін / Wait 5 minutes for the next bus,Келесі автобусқа 3 минут күтемін / Wait 3 minutes for the next bus,Қазіргі толық автобусқа мінемін / Board the current full bus,3–5 минут / 3–5 minutes,"Әрдайым, автобус күткен сайын / Always, every time I wait for a bus",14–24 жас / 14–24 years,Студентпін / Student
2/6/2026 0:12:28,Күн сайын немесе дерлік күн сайын / Daily or almost daily,Жұмысқа немесе оқуға бару үшін / To go to work or study,Әр сапарымда немесе дерлік әр сапарымда / Every trip or almost every trip,Қазіргі толық автобусқа бірден мінемін / Board the current full bus immediately,Қазіргі толық автобусқа мінемін / Board the current full bus,Қазіргі автобусқа мінемін / Board the current bus,Қазіргі автобусқа мінемін / Board the current bus,Қазіргі автобусқа мінемін / Board the current bus,Келесі автобусқа 7 минут күтемін / Wait 7 minutes for the next bus,3–5 минут / 3–5 minutes,Көп жағдайда / Most of the time,14–24 жас / 14–24 years,Студентпін / Student
2/6/2026 0:30:26,Күн сайын немесе дерлік күн сайын / Daily or almost daily,Жұмысқа немесе оқуға бару үшін / To go to work or study,Сапарларымның көп бөлігінде / On most of my trips,Келесі автобусқа 2 минут күтемін / Wait 2 minutes for the next bus,Келесі автобусқа 5 минут күтемін / Wait 5 minutes for the next bus,Қазіргі автобусқа мінемін / Board the current bus,Қазіргі автобусқа мінемін / Board the current bus,Келесі автобусқа 3 минут күтемін / Wait 3 minutes for the next bus,Келесі автобусқа 7 минут күтемін / Wait 7 minutes for the next bus,3–5 минут / 3–5 minutes,"Әрдайым, автобус күткен сайын / Always, every time I wait for a bus",14–24 жас / 14–24 years,Студентпін / Student
2/6/2026 3:39:58,Күн сайын немесе дерлік күн сайын / Daily or almost daily,Жұмысқа немесе оқуға бару үшін / To go to work or study,Сапарларымның шамамен жартысында / On about half of my trips,Келесі автобусқа 2 минут күтемін / Wait 2 minutes for the next bus,Келесі автобусқа 5 минут күтемін / Wait 5 minutes for the next bus,Қазіргі автобусқа мінемін / Board the current bus,Қазіргі автобусқа мінемін / Board the current bus,Келесі автобусқа 3 минут күтемін / Wait 3 minutes for the next bus,Келесі автобусқа 7 минут күтемін / Wait 7 minutes for the next bus,3–5 минут / 3–5 minutes,"Әрдайым, автобус күткен сайын / Always, every time I wait for a bus",14–24 жас / 14–24 years,Студентпін / Student
2/6/2026 5:13:22,Күн сайын немесе дерлік күн сайын / Daily or almost daily,Жұмысқа немесе оқуға бару үшін / To go to work or study,Әр сапарымда немесе дерлік әр сапарымда / Every trip or almost every trip,Қазіргі толық автобусқа бірден мінемін / Board the current full bus immediately,Қазіргі толық автобусқа мінемін / Board the current full bus,Келесі автобусқа 10 минут күтемін / Wait 10 minutes for the next bus,Қазіргі автобусқа мінемін / Board the current bus,Қазіргі автобусқа мінемін / Board the current bus,Қазіргі толық автобусқа мінемін / Board the current full bus,10 минуттан артық / More than 10 minutes,"Әрдайым, автобус күткен сайын / Always, every time I wait for a bus",14–24 жас / 14–24 years,Студентпін / Student
2/6/2026 5:31:04,Күн сайын немесе дерлік күн сайын / Daily or almost daily,Жұмысқа немесе оқуға бару үшін / To go to work or study,Әр сапарымда немесе дерлік әр сапарымда / Every trip or almost every trip,Келесі автобусқа 2 минут күтемін / Wait 2 minutes for the next bus,Келесі автобусқа 5 минут күтемін / Wait 5 minutes for the next bus,Келесі автобусқа 10 минут күтемін / Wait 10 minutes for the next bus,Қазіргі автобусқа мінемін / Board the current bus,Келесі автобусқа 3 минут күтемін / Wait 3 minutes for the next bus,Келесі автобусқа 7 минут күтемін / Wait 7 minutes for the next bus,6–10 минут / 6–10 minutes,"Әрдайым, автобус күткен сайын / Always, every time I wait for a bus",14–24 жас / 14–24 years,Студентпін / Student
2/6/2026 7:40:25,Күн сайын немесе дерлік күн сайын / Daily or almost daily,"Жұмысқа немесе оқуға бару үшін / To go to work or study, Жеке істер үшін / Personal errands, Демалу, қыдыру немесе  кездесулер үшін / For leisure or social meetings",Сапарларымның көп бөлігінде / On most of my trips,Келесі автобусқа 2 минут күтемін / Wait 2 minutes for the next bus,Келесі автобусқа 5 минут күтемін / Wait 5 minutes for the next bus,Қазіргі автобусқа мінемін / Board the current bus,Қазіргі автобусқа мінемін / Board the current bus,Қазіргі автобусқа мінемін / Board the current bus,Келесі автобусқа 7 минут күтемін / Wait 7 minutes for the next bus,3–5 минут / 3–5 minutes,"Әрдайым, автобус күткен сайын / Always, every time I wait for a bus",14–24 жас / 14–24 years,Студентпін / Student
2/6/2026 8:11:42,Күн сайын немесе дерлік күн сайын / Daily or almost daily,"Жұмысқа немесе оқуға бару үшін / To go to work or study, Жеке істер үшін / Personal errands, Демалу, қыдыру немесе  кездесулер үшін / For leisure or social meetings",Әр сапарымда немесе дерлік әр сапарымда / Every trip or almost every trip,Келесі автобусқа 2 минут күтемін / Wait 2 minutes for the next bus,Келесі автобусқа 5 минут күтемін / Wait 5 minutes for the next bus,Қазіргі автобусқа мінемін / Board the current bus,Қазіргі автобусқа мінемін / Board the current bus,Келесі автобусқа 3 минут күтемін / Wait 3 minutes for the next bus,Қазіргі толық автобусқа мінемін / Board the current full bus,3–5 минут / 3–5 minutes,"Кейде, жағдайға байланысты / Sometimes, depending on the situation",14–24 жас / 14–24 years,Студентпін / Student
2/6/2026 8:15:58,Күн сайын немесе дерлік күн сайын / Daily or almost daily,Жұмысқа немесе оқуға бару үшін / To go to work or study,Сапарларымның көп бөлігінде / On most of my trips,Келесі автобусқа 2 минут күтемін / Wait 2 minutes for the next bus,Келесі автобусқа 5 минут күтемін / Wait 5 minutes for the next bus,Келесі автобусқа 10 минут күтемін / Wait 10 minutes for the next bus,Қазіргі автобусқа мінемін / Board the current bus,Қазіргі автобусқа мінемін / Board the current bus,Келесі автобусқа 7 минут күтемін / Wait 7 minutes for the next bus,3–5 минут / 3–5 minutes,"Кейде, жағдайға байланысты / Sometimes, depending on the situation",14–24 жас / 14–24 years,Студентпін / Student
2/6/2026 8:42:06,Аптасына 3–4 рет / 3–4 times a week,Жұмысқа немесе оқуға бару үшін / To go to work or study,Әр сапарымда немесе дерлік әр сапарымда / Every trip or almost every trip,Қазіргі толық автобусқа бірден мінемін / Board the current full bus immediately,Қазіргі толық автобусқа мінемін / Board the current full bus,Қазіргі автобусқа мінемін / Board the current bus,Қазіргі автобусқа мінемін / Board the current bus,Қазіргі автобусқа мінемін / Board the current bus,Қазіргі толық автобусқа мінемін / Board the current full bus,1–2 минут / 1–2 minutes,"Әрдайым, автобус күткен сайын / Always, every time I wait for a bus",14–24 жас / 14–24 years,Студентпін / Student
2/6/2026 8:47:56,Күн сайын немесе дерлік күн сайын / Daily or almost daily,Жұмысқа немесе оқуға бару үшін / To go to work or study,Сапарларымның көп бөлігінде / On most of my trips,Келесі автобусқа 2 минут күтемін / Wait 2 minutes for the next bus,Келесі автобусқа 5 минут күтемін / Wait 5 minutes for the next bus,Келесі автобусқа 10 минут күтемін / Wait 10 minutes for the next bus,Келесі автобусқа 5 минут күтемін / Wait 5 minutes for the next bus,Келесі автобусқа 3 минут күтемін / Wait 3 minutes for the next bus,Келесі автобусқа 7 минут күтемін / Wait 7 minutes for the next bus,10 минуттан артық / More than 10 minutes,Сирек / Rarely,14–24 жас / 14–24 years,Студентпін / Student
2/6/2026 8:48:30,Күн сайын немесе дерлік күн сайын / Daily or almost daily,Жұмысқа немесе оқуға бару үшін / To go to work or study,Әр сапарымда немесе дерлік әр сапарымда / Every trip or almost every trip,Келесі автобусқа 2 минут күтемін / Wait 2 minutes for the next bus,Келесі автобусқа 5 минут күтемін / Wait 5 minutes for the next bus,Келесі автобусқа 10 минут күтемін / Wait 10 minutes for the next bus,Келесі автобусқа 5 минут күтемін / Wait 5 minutes for the next bus,Келесі автобусқа 3 минут күтемін / Wait 3 minutes for the next bus,Келесі автобусқа 7 минут күтемін / Wait 7 minutes for the next bus,6–10 минут / 6–10 minutes,Көп жағдайда / Most of the time,14–24 жас / 14–24 years,Студентпін / Student
2/6/2026 8:57:39,Күн сайын немесе дерлік күн сайын / Daily or almost daily,Жұмысқа немесе оқуға бару үшін / To go to work or study,Әр сапарымда немесе дерлік әр сапарымда / Every trip or almost every trip,Келесі автобусқа 2 минут күтемін / Wait 2 minutes for the next bus,Келесі автобусқа 5 минут күтемін / Wait 5 minutes for the next bus,Қазіргі автобусқа мінемін / Board the current bus,Келесі автобусқа 5 минут күтемін / Wait 5 minutes for the next bus,Келесі автобусқа 3 минут күтемін / Wait 3 minutes for the next bus,Келесі автобусқа 7 минут күтемін / Wait 7 minutes for the next bus,10 минуттан артық / More than 10 minutes,"Әрдайым, автобус күткен сайын / Always, every time I wait for a bus",14–24 жас / 14–24 years,Студентпін / Student
2/6/2026 8:58:33,Күн сайын немесе дерлік күн сайын / Daily or almost daily,"Жұмысқа немесе оқуға бару үшін / To go to work or study, Жеке істер үшін / Personal errands, Демалу, қыдыру немесе  кездесулер үшін / For leisure or social meetings",Сапарларымның шамамен жартысында / On about half of my trips,Келесі автобусқа 2 минут күтемін / Wait 2 minutes for the next bus,Келесі автобусқа 5 минут күтемін / Wait 5 minutes for the next bus,Келесі автобусқа 10 минут күтемін / Wait 10 minutes for the next bus,Келесі автобусқа 5 минут күтемін / Wait 5 minutes for the next bus,Келесі автобусқа 3 минут күтемін / Wait 3 minutes for the next bus,Келесі автобусқа 7 минут күтемін / Wait 7 minutes for the next bus,10 минуттан артық / More than 10 minutes,Көп жағдайда / Most of the time,14–24 жас / 14–24 years,Студентпін / Student
2/6/2026 9:34:07,Күн сайын немесе дерлік күн сайын / Daily or almost daily,Жұмысқа немесе оқуға бару үшін / To go to work or study,Әр сапарымда немесе дерлік әр сапарымда / Every trip or almost every trip,Келесі автобусқа 2 минут күтемін / Wait 2 minutes for the next bus,Келесі автобусқа 5 минут күтемін / Wait 5 minutes for the next bus,Қазіргі автобусқа мінемін / Board the current bus,Қазіргі автобусқа мінемін / Board the current bus,Келесі автобусқа 3 минут күтемін / Wait 3 minutes for the next bus,Келесі автобусқа 7 минут күтемін / Wait 7 minutes for the next bus,6–10 минут / 6–10 minutes,"Әрдайым, автобус күткен сайын / Always, every time I wait for a bus",35–44 жас / 35–44 years,Толық толық жұмыс күні бойынша  істеймін / Employed full-time
2/6/2026 9:35:42,Күн сайын немесе дерлік күн сайын / Daily or almost daily,"Жұмысқа немесе оқуға бару үшін / To go to work or study, Жеке істер үшін / Personal errands, Демалу, қыдыру немесе  кездесулер үшін / For leisure or social meetings",Әр сапарымда немесе дерлік әр сапарымда / Every trip or almost every trip,Келесі автобусқа 2 минут күтемін / Wait 2 minutes for the next bus,Қазіргі толық автобусқа мінемін / Board the current full bus,I'll take another bus.,Қазіргі автобусқа мінемін / Board the current bus,Келесі автобусқа 3 минут күтемін / Wait 3 minutes for the next bus,Қазіргі толық автобусқа мінемін / Board the current full bus,"Күтпеймін, қай автобус келсе — соған мінемін / I won't wait, I'll take whichever bus comes",Сирек / Rarely,Жауап бергім келмейді / Prefer not to say,Толық толық жұмыс күні бойынша  істеймін / Employed full-time
2/6/2026 9:36:25,Қоғамдық көлікті пайдаланбаймын / I do not use public buses,Жұмысқа немесе оқуға бару үшін / To go to work or study,Сапарларымның көп бөлігінде / On most of my trips,,,,,,,,,,
2/6/2026 9:37:38,Аптасына 1–2 рет / 1–2 times a week,Жеке істер үшін / Personal errands,Сирек / Rarely,Қазіргі толық автобусқа бірден мінемін / Board the current full bus immediately,Қазіргі толық автобусқа мінемін / Board the current full bus,Қазіргі автобусқа мінемін / Board the current bus,Қазіргі автобусқа мінемін / Board the current bus,Қазіргі автобусқа мінемін / Board the current bus,Қазіргі толық автобусқа мінемін / Board the current full bus,"Күтпеймін, қай автобус келсе — соған мінемін / I won't wait, I'll take whichever bus comes","Кейде, жағдайға байланысты / Sometimes, depending on the situation",14–24 жас / 14–24 years,Студентпін / Student
2/6/2026 9:39:20,Күн сайын немесе дерлік күн сайын / Daily or almost daily,Жұмысқа немесе оқуға бару үшін / To go to work or study,Әр сапарымда немесе дерлік әр сапарымда / Every trip or almost every trip,Келесі автобусқа 2 минут күтемін / Wait 2 minutes for the next bus,Келесі автобусқа 5 минут күтемін / Wait 5 minutes for the next bus,Келесі автобусқа 10 минут күтемін / Wait 10 minutes for the next bus,Қазіргі автобусқа мінемін / Board the current bus,Келесі автобусқа 3 минут күтемін / Wait 3 minutes for the next bus,Келесі автобусқа 7 минут күтемін / Wait 7 minutes for the next bus,3–5 минут / 3–5 minutes,"Әрдайым, автобус күткен сайын / Always, every time I wait for a bus",35–44 жас / 35–44 years,Толық толық жұмыс күні бойынша  істеймін / Employed full-time
2/6/2026 9:40:18,Күн сайын немесе дерлік күн сайын / Daily or almost daily,"Жұмысқа немесе оқуға бару үшін / To go to work or study, Жеке істер үшін / Personal errands, Демалу, қыдыру немесе  кездесулер үшін / For leisure or social meetings",Әр сапарымда немесе дерлік әр сапарымда / Every trip or almost every trip,Келесі автобусқа 2 минут күтемін / Wait 2 minutes for the next bus,Қазіргі толық автобусқа мінемін / Board the current full bus,Қазіргі автобусқа мінемін / Board the current bus,Келесі автобусқа 5 минут күтемін / Wait 5 minutes for the next bus,Келесі автобусқа 3 минут күтемін / Wait 3 minutes for the next bus,Қазіргі толық автобусқа мінемін / Board the current full bus,6–10 минут / 6–10 minutes,"Әрдайым, автобус күткен сайын / Always, every time I wait for a bus",14–24 жас / 14–24 years,Студентпін / Student
2/6/2026 9:46:56,Аптасына 3–4 рет / 3–4 times a week,Жұмысқа немесе оқуға бару үшін / To go to work or study,Әр сапарымда немесе дерлік әр сапарымда / Every trip or almost every trip,Келесі автобусқа 2 минут күтемін / Wait 2 minutes for the next bus,Келесі автобусқа 5 минут күтемін / Wait 5 minutes for the next bus,Келесі автобусқа 10 минут күтемін / Wait 10 minutes for the next bus,Қазіргі автобусқа мінемін / Board the current bus,Келесі автобусқа 3 минут күтемін / Wait 3 minutes for the next bus,Қазіргі толық автобусқа мінемін / Board the current full bus,3–5 минут / 3–5 minutes,Көп жағдайда / Most of the time,14–24 жас / 14–24 years,Студентпін / Student
2/6/2026 9:53:38,Күн сайын немесе дерлік күн сайын / Daily or almost daily,"Жұмысқа немесе оқуға бару үшін / To go to work or study, Демалу, қыдыру немесе  кездесулер үшін / For leisure or social meetings",Сирек / Rarely,Келесі автобусқа 2 минут күтемін / Wait 2 minutes for the next bus,Қазіргі толық автобусқа мінемін / Board the current full bus,Келесі автобусқа 10 минут күтемін / Wait 10 minutes for the next bus,Қазіргі автобусқа мінемін / Board the current bus,Келесі автобусқа 3 минут күтемін / Wait 3 minutes for the next bus,Келесі автобусқа 7 минут күтемін / Wait 7 minutes for the next bus,3–5 минут / 3–5 minutes,"Әрдайым, автобус күткен сайын / Always, every time I wait for a bus",14–24 жас / 14–24 years,Студентпін / Student
2/6/2026 9:58:39,Күн сайын немесе дерлік күн сайын / Daily or almost daily,"Жұмысқа немесе оқуға бару үшін / To go to work or study, Жеке істер үшін / Personal errands, Демалу, қыдыру немесе  кездесулер үшін / For leisure or social meetings",Сапарларымның көп бөлігінде / On most of my trips,Қазіргі толық автобусқа бірден мінемін / Board the current full bus immediately,Қазіргі толық автобусқа мінемін / Board the current full bus,Қазіргі автобусқа мінемін / Board the current bus,Келесі автобусқа 5 минут күтемін / Wait 5 minutes for the next bus,Келесі автобусқа 3 минут күтемін / Wait 3 minutes for the next bus,Қазіргі толық автобусқа мінемін / Board the current full bus,3–5 минут / 3–5 minutes,"Әрдайым, автобус күткен сайын / Always, every time I wait for a bus",35–44 жас / 35–44 years,Толық толық жұмыс күні бойынша  істеймін / Employed full-time
2/6/2026 10:02:10,Күн сайын немесе дерлік күн сайын / Daily or almost daily,Жұмысқа немесе оқуға бару үшін / To go to work or study,Сапарларымның көп бөлігінде / On most of my trips,Қазіргі толық автобусқа бірден мінемін / Board the current full bus immediately,Қазіргі толық автобусқа мінемін / Board the current full bus,Қазіргі автобусқа мінемін / Board the current bus,Қазіргі автобусқа мінемін / Board the current bus,Қазіргі автобусқа мінемін / Board the current bus,Қазіргі толық автобусқа мінемін / Board the current full bus,"Күтпеймін, қай автобус келсе — соған мінемін / I won't wait, I'll take whichever bus comes","Әрдайым, автобус күткен сайын / Always, every time I wait for a bus",14–24 жас / 14–24 years,Студентпін / Student
2/6/2026 10:05:23,Аптасына 1–2 рет / 1–2 times a week,Жеке істер үшін / Personal errands,Сирек / Rarely,Қазіргі толық автобусқа бірден мінемін / Board the current full bus immediately,Қазіргі толық автобусқа мінемін / Board the current full bus,Келесі автобусқа 10 минут күтемін / Wait 10 minutes for the next bus,Қазіргі автобусқа мінемін / Board the current bus,Қазіргі автобусқа мінемін / Board the current bus,Келесі автобусқа 7 минут күтемін / Wait 7 minutes for the next bus,3–5 минут / 3–5 minutes,"Әрдайым, автобус күткен сайын / Always, every time I wait for a bus",55 жастан жоғары / 55 years or older,Толық толық жұмыс күні бойынша  істеймін / Employed full-time
2/6/2026 10:08:45,Күн сайын немесе дерлік күн сайын / Daily or almost daily,Жұмысқа немесе оқуға бару үшін / To go to work or study,Сапарларымның шамамен жартысында / On about half of my trips,Келесі автобусқа 2 минут күтемін / Wait 2 minutes for the next bus,Келесі автобусқа 5 минут күтемін / Wait 5 minutes for the next bus,Келесі автобусқа 10 минут күтемін / Wait 10 minutes for the next bus,Қазіргі автобусқа мінемін / Board the current bus,Қазіргі автобусқа мінемін / Board the current bus,Келесі автобусқа 7 минут күтемін / Wait 7 minutes for the next bus,1–2 минут / 1–2 minutes,"Әрдайым, автобус күткен сайын / Always, every time I wait for a bus",14–24 жас / 14–24 years,Студентпін / Student
2/6/2026 10:20:59,Күн сайын немесе дерлік күн сайын / Daily or almost daily,Жұмысқа немесе оқуға бару үшін / To go to work or study,Сапарларымның көп бөлігінде / On most of my trips,Келесі автобусқа 2 минут күтемін / Wait 2 minutes for the next bus,Қазіргі толық автобусқа мінемін / Board the current full bus,Келесі автобусқа 10 минут күтемін / Wait 10 minutes for the next bus,Қазіргі автобусқа мінемін / Board the current bus,Келесі автобусқа 3 минут күтемін / Wait 3 minutes for the next bus,Келесі автобусқа 7 минут күтемін / Wait 7 minutes for the next bus,3–5 минут / 3–5 minutes,Көп жағдайда / Most of the time,14–24 жас / 14–24 years,Студентпін / Student
2/6/2026 10:25:25,Аптасына 3–4 рет / 3–4 times a week,Жұмысқа немесе оқуға бару үшін / To go to work or study,Әр сапарымда немесе дерлік әр сапарымда / Every trip or almost every trip,Келесі автобусқа 2 минут күтемін / Wait 2 minutes for the next bus,Қазіргі толық автобусқа мінемін / Board the current full bus,Қазіргі автобусқа мінемін / Board the current bus,Келесі автобусқа 5 минут күтемін / Wait 5 minutes for the next bus,Келесі автобусқа 3 минут күтемін / Wait 3 minutes for the next bus,Қазіргі толық автобусқа мінемін / Board the current full bus,3–5 минут / 3–5 minutes,"Кейде, жағдайға байланысты / Sometimes, depending on the situation",14–24 жас / 14–24 years,Студентпін / Student
2/6/2026 10:27:01,Аптасына 3–4 рет / 3–4 times a week,Жұмысқа немесе оқуға бару үшін / To go to work or study,Сапарларымның көп бөлігінде / On most of my trips,Келесі автобусқа 2 минут күтемін / Wait 2 minutes for the next bus,Келесі автобусқа 5 минут күтемін / Wait 5 minutes for the next bus,Келесі автобусқа 10 минут күтемін / Wait 10 minutes for the next bus,Келесі автобусқа 5 минут күтемін / Wait 5 minutes for the next bus,Келесі автобусқа 3 минут күтемін / Wait 3 minutes for the next bus,Келесі автобусқа 7 минут күтемін / Wait 7 minutes for the next bus,6–10 минут / 6–10 minutes,"Әрдайым, автобус күткен сайын / Always, every time I wait for a bus",14–24 жас / 14–24 years,Жауап бергім келмейді / Prefer not to say
2/6/2026 10:59:57,Аптасына 3–4 рет / 3–4 times a week,Жұмысқа немесе оқуға бару үшін / To go to work or study,Сапарларымның көп бөлігінде / On most of my trips,Келесі автобусқа 2 минут күтемін / Wait 2 minutes for the next bus,Келесі автобусқа 5 минут күтемін / Wait 5 minutes for the next bus,Қазіргі автобусқа мінемін / Board the current bus,Келесі автобусқа 5 минут күтемін / Wait 5 minutes for the next bus,Келесі автобусқа 3 минут күтемін / Wait 3 minutes for the next bus,Келесі автобусқа 7 минут күтемін / Wait 7 minutes for the next bus,3–5 минут / 3–5 minutes,Көп жағдайда / Most of the time,14–24 жас / 14–24 years,Студентпін / Student
2/6/2026 11:43:35,Күн сайын немесе дерлік күн сайын / Daily or almost daily,Жұмысқа немесе оқуға бару үшін / To go to work or study,Әр сапарымда немесе дерлік әр сапарымда / Every trip or almost every trip,Келесі автобусқа 2 минут күтемін / Wait 2 minutes for the next bus,Келесі автобусқа 5 минут күтемін / Wait 5 minutes for the next bus,Келесі автобусқа 10 минут күтемін / Wait 10 minutes for the next bus,Келесі автобусқа 5 минут күтемін / Wait 5 minutes for the next bus,Келесі автобусқа 3 минут күтемін / Wait 3 minutes for the next bus,Келесі автобусқа 7 минут күтемін / Wait 7 minutes for the next bus,1–2 минут / 1–2 minutes,"Әрдайым, автобус күткен сайын / Always, every time I wait for a bus",Жауап бергім келмейді / Prefer not to say,Студентпін / Student
2/6/2026 11:47:17,Күн сайын немесе дерлік күн сайын / Daily or almost daily,"Жұмысқа немесе оқуға бару үшін / To go to work or study, Жеке істер үшін / Personal errands, Демалу, қыдыру немесе  кездесулер үшін / For leisure or social meetings",Әр сапарымда немесе дерлік әр сапарымда / Every trip or almost every trip,Келесі автобусқа 2 минут күтемін / Wait 2 minutes for the next bus,Қазіргі толық автобусқа мінемін / Board the current full bus,Қазіргі автобусқа мінемін / Board the current bus,Қазіргі автобусқа мінемін / Board the current bus,Қазіргі автобусқа мінемін / Board the current bus,Қазіргі толық автобусқа мінемін / Board the current full bus,1–2 минут / 1–2 minutes,Көп жағдайда / Most of the time,14–24 жас / 14–24 years,Студентпін / Student
2/6/2026 12:11:35,Күн сайын немесе дерлік күн сайын / Daily or almost daily,Жұмысқа немесе оқуға бару үшін / To go to work or study,Сапарларымның көп бөлігінде / On most of my trips,Келесі автобусқа 2 минут күтемін / Wait 2 minutes for the next bus,Қазіргі толық автобусқа мінемін / Board the current full bus,Қазіргі автобусқа мінемін / Board the current bus,Қазіргі автобусқа мінемін / Board the current bus,Қазіргі автобусқа мінемін / Board the current bus,Келесі автобусқа 7 минут күтемін / Wait 7 minutes for the next bus,1–2 минут / 1–2 minutes,"Әрдайым, автобус күткен сайын / Always, every time I wait for a bus",14–24 жас / 14–24 years,Студентпін / Student
2/6/2026 13:38:17,Күн сайын немесе дерлік күн сайын / Daily or almost daily,Жұмысқа немесе оқуға бару үшін / To go to work or study,Сапарларымның көп бөлігінде / On most of my trips,Келесі автобусқа 2 минут күтемін / Wait 2 minutes for the next bus,Келесі автобусқа 5 минут күтемін / Wait 5 minutes for the next bus,Қазіргі автобусқа мінемін / Board the current bus,Келесі автобусқа 5 минут күтемін / Wait 5 minutes for the next bus,Келесі автобусқа 3 минут күтемін / Wait 3 minutes for the next bus,Келесі автобусқа 7 минут күтемін / Wait 7 minutes for the next bus,3–5 минут / 3–5 minutes,"Әрдайым, автобус күткен сайын / Always, every time I wait for a bus",14–24 жас / 14–24 years,Студентпін / Student
2/6/2026 13:54:10,Аптасына 1–2 рет / 1–2 times a week,Үйге жету үшін,Әр сапарымда немесе дерлік әр сапарымда / Every trip or almost every trip,Келесі автобусқа 2 минут күтемін / Wait 2 minutes for the next bus,Келесі автобусқа 5 минут күтемін / Wait 5 minutes for the next bus,Қазіргі автобусқа мінемін / Board the current bus,Келесі автобусқа 5 минут күтемін / Wait 5 minutes for the next bus,Қазіргі автобусқа мінемін / Board the current bus,Қазіргі толық автобусқа мінемін / Board the current full bus,3–5 минут / 3–5 minutes,"Әрдайым, автобус күткен сайын / Always, every time I wait for a bus",14–24 жас / 14–24 years,Студентпін / Student
2/6/2026 13:57:17,Күн сайын немесе дерлік күн сайын / Daily or almost daily,Жұмысқа немесе оқуға бару үшін / To go to work or study,Әр сапарымда немесе дерлік әр сапарымда / Every trip or almost every trip,Келесі автобусқа 2 минут күтемін / Wait 2 minutes for the next bus,Келесі автобусқа 5 минут күтемін / Wait 5 minutes for the next bus,"Если мне не надо спешить, подожду",Келесі автобусқа 5 минут күтемін / Wait 5 minutes for the next bus,Келесі автобусқа 3 минут күтемін / Wait 3 minutes for the next bus,Келесі автобусқа 7 минут күтемін / Wait 7 minutes for the next bus,6–10 минут / 6–10 minutes,"Әрдайым, автобус күткен сайын / Always, every time I wait for a bus",14–24 жас / 14–24 years,Студентпін / Student
2/6/2026 13:59:46,Күн сайын немесе дерлік күн сайын / Daily or almost daily,"Жұмысқа немесе оқуға бару үшін / To go to work or study, Жеке істер үшін / Personal errands, Демалу, қыдыру немесе  кездесулер үшін / For leisure or social meetings",Сапарларымның көп бөлігінде / On most of my trips,Келесі автобусқа 2 минут күтемін / Wait 2 minutes for the next bus,Келесі автобусқа 5 минут күтемін / Wait 5 minutes for the next bus,Келесі автобусқа 10 минут күтемін / Wait 10 minutes for the next bus,Қазіргі автобусқа мінемін / Board the current bus,Қазіргі автобусқа мінемін / Board the current bus,Қазіргі толық автобусқа мінемін / Board the current full bus,3–5 минут / 3–5 minutes,Көп жағдайда / Most of the time,14–24 жас / 14–24 years,Студентпін / Student
2/6/2026 14:25:57,Күн сайын немесе дерлік күн сайын / Daily or almost daily,Жұмысқа немесе оқуға бару үшін / To go to work or study,Әр сапарымда немесе дерлік әр сапарымда / Every trip or almost every trip,Келесі автобусқа 2 минут күтемін / Wait 2 minutes for the next bus,Келесі автобусқа 5 минут күтемін / Wait 5 minutes for the next bus,Қазіргі автобусқа мінемін / Board the current bus,Қазіргі автобусқа мінемін / Board the current bus,Келесі автобусқа 3 минут күтемін / Wait 3 minutes for the next bus,Келесі автобусқа 7 минут күтемін / Wait 7 minutes for the next bus,3–5 минут / 3–5 minutes,"Әрдайым, автобус күткен сайын / Always, every time I wait for a bus",14–24 жас / 14–24 years,Толық толық жұмыс күні бойынша  істеймін / Employed full-time
2/6/2026 14:30:34,Күн сайын немесе дерлік күн сайын / Daily or almost daily,Жұмысқа немесе оқуға бару үшін / To go to work or study,Мүлде кездестірмедім / Never,Қазіргі толық автобусқа бірден мінемін / Board the current full bus immediately,Қазіргі толық автобусқа мінемін / Board the current full bus,Қазіргі автобусқа мінемін / Board the current bus,Қазіргі автобусқа мінемін / Board the current bus,Қазіргі автобусқа мінемін / Board the current bus,Қазіргі толық автобусқа мінемін / Board the current full bus,1–2 минут / 1–2 minutes,"Әрдайым, автобус күткен сайын / Always, every time I wait for a bus",14–24 жас / 14–24 years,Толық толық жұмыс күні бойынша  істеймін / Employed full-time
2/6/2026 14:31:02,Аптасына 1–2 рет / 1–2 times a week,Жұмысқа немесе оқуға бару үшін / To go to work or study,Әр сапарымда немесе дерлік әр сапарымда / Every trip or almost every trip,Келесі автобусқа 2 минут күтемін / Wait 2 minutes for the next bus,Келесі автобусқа 5 минут күтемін / Wait 5 minutes for the next bus,Келесі автобусқа 10 минут күтемін / Wait 10 minutes for the next bus,Келесі автобусқа 5 минут күтемін / Wait 5 minutes for the next bus,Қазіргі автобусқа мінемін / Board the current bus,Келесі автобусқа 7 минут күтемін / Wait 7 minutes for the next bus,3–5 минут / 3–5 minutes,"Әрдайым, автобус күткен сайын / Always, every time I wait for a bus",14–24 жас / 14–24 years,Студентпін / Student
2/6/2026 14:48:03,Қоғамдық көлікті пайдаланбаймын / I do not use public buses,,Әр сапарымда немесе дерлік әр сапарымда / Every trip or almost every trip,,,,,,,,,,
2/6/2026 14:51:35,Күн сайын немесе дерлік күн сайын / Daily or almost daily,Жұмысқа немесе оқуға бару үшін / To go to work or study,Сапарларымның шамамен жартысында / On about half of my trips,Қазіргі толық автобусқа бірден мінемін / Board the current full bus immediately,Қазіргі толық автобусқа мінемін / Board the current full bus,Келесі автобусқа 10 минут күтемін / Wait 10 minutes for the next bus,Қазіргі автобусқа мінемін / Board the current bus,Келесі автобусқа 3 минут күтемін / Wait 3 minutes for the next bus,Келесі автобусқа 7 минут күтемін / Wait 7 minutes for the next bus,3–5 минут / 3–5 minutes,Көп жағдайда / Most of the time,14–24 жас / 14–24 years,Студентпін / Student
2/6/2026 15:27:57,Қоғамдық көлікті пайдаланбаймын / I do not use public buses,"Демалу, қыдыру немесе  кездесулер үшін / For leisure or social meetings",Әр сапарымда немесе дерлік әр сапарымда / Every trip or almost every trip,,,,,,,,,,
2/6/2026 16:48:37,Аптасына 1–2 рет / 1–2 times a week,Жеке істер үшін / Personal errands,Сапарларымның шамамен жартысында / On about half of my trips,Келесі автобусқа 2 минут күтемін / Wait 2 minutes for the next bus,Қазіргі толық автобусқа мінемін / Board the current full bus,Қазіргі автобусқа мінемін / Board the current bus,Келесі автобусқа 5 минут күтемін / Wait 5 minutes for the next bus,Келесі автобусқа 3 минут күтемін / Wait 3 minutes for the next bus,Қазіргі толық автобусқа мінемін / Board the current full bus,1–2 минут / 1–2 minutes,Көп жағдайда / Most of the time,14–24 жас / 14–24 years,Студентпін / Student
2/6/2026 16:51:17,Күн сайын немесе дерлік күн сайын / Daily or almost daily,Жұмысқа немесе оқуға бару үшін / To go to work or study,Әр сапарымда немесе дерлік әр сапарымда / Every trip or almost every trip,Келесі автобусқа 2 минут күтемін / Wait 2 minutes for the next bus,Келесі автобусқа 5 минут күтемін / Wait 5 minutes for the next bus,Келесі автобусқа 10 минут күтемін / Wait 10 minutes for the next bus,Қазіргі автобусқа мінемін / Board the current bus,Қазіргі автобусқа мінемін / Board the current bus,Қазіргі толық автобусқа мінемін / Board the current full bus,6–10 минут / 6–10 minutes,"Кейде, жағдайға байланысты / Sometimes, depending on the situation",14–24 жас / 14–24 years,Студентпін / Student
2/6/2026 17:20:39,Аптасына 1–2 рет / 1–2 times a week,Жеке істер үшін / Personal errands,Әр сапарымда немесе дерлік әр сапарымда / Every trip or almost every trip,Қазіргі толық автобусқа бірден мінемін / Board the current full bus immediately,Келесі автобусқа 5 минут күтемін / Wait 5 minutes for the next bus,Келесі автобусқа 10 минут күтемін / Wait 10 minutes for the next bus,Қазіргі автобусқа мінемін / Board the current bus,Қазіргі автобусқа мінемін / Board the current bus,Келесі автобусқа 7 минут күтемін / Wait 7 minutes for the next bus,1–2 минут / 1–2 minutes,"Кейде, жағдайға байланысты / Sometimes, depending on the situation",14–24 жас / 14–24 years,Толық емес жұмыс күн графигі бойынша жұмыс істеймін / Employed part-time
2/6/2026 20:00:27,Аптасына 3–4 рет / 3–4 times a week,Жұмысқа немесе оқуға бару үшін / To go to work or study,Сапарларымның көп бөлігінде / On most of my trips,Қазіргі толық автобусқа бірден мінемін / Board the current full bus immediately,Қазіргі толық автобусқа мінемін / Board the current full bus,Қазіргі автобусқа мінемін / Board the current bus,Келесі автобусқа 5 минут күтемін / Wait 5 minutes for the next bus,Келесі автобусқа 3 минут күтемін / Wait 3 minutes for the next bus,Қазіргі толық автобусқа мінемін / Board the current full bus,3–5 минут / 3–5 minutes,"Кейде, жағдайға байланысты / Sometimes, depending on the situation",45–54 жас / 45–54 years,Студентпін / Student
2/6/2026 20:01:46,Аптасына 3–4 рет / 3–4 times a week,Жұмысқа немесе оқуға бару үшін / To go to work or study,Әр сапарымда немесе дерлік әр сапарымда / Every trip or almost every trip,Келесі автобусқа 2 минут күтемін / Wait 2 minutes for the next bus,Келесі автобусқа 5 минут күтемін / Wait 5 minutes for the next bus,Қазіргі автобусқа мінемін / Board the current bus,Қазіргі автобусқа мінемін / Board the current bus,Қазіргі автобусқа мінемін / Board the current bus,Қазіргі толық автобусқа мінемін / Board the current full bus,1–2 минут / 1–2 minutes,"Әрдайым, автобус күткен сайын / Always, every time I wait for a bus",14–24 жас / 14–24 years,Толық толық жұмыс күні бойынша  істеймін / Employed full-time
2/6/2026 20:37:30,Күн сайын немесе дерлік күн сайын / Daily or almost daily,"Жұмысқа немесе оқуға бару үшін / To go to work or study, Поехать со школы домой ",Сапарларымның көп бөлігінде / On most of my trips,Келесі автобусқа 2 минут күтемін / Wait 2 minutes for the next bus,Қазіргі толық автобусқа мінемін / Board the current full bus,Келесі автобусқа 10 минут күтемін / Wait 10 minutes for the next bus,Қазіргі автобусқа мінемін / Board the current bus,Келесі автобусқа 3 минут күтемін / Wait 3 minutes for the next bus,Қазіргі толық автобусқа мінемін / Board the current full bus,6–10 минут / 6–10 minutes,"Әрдайым, автобус күткен сайын / Always, every time I wait for a bus",14–24 жас / 14–24 years,Студентпін / Student
2/6/2026 21:51:16,Күн сайын немесе дерлік күн сайын / Daily or almost daily,Жұмысқа немесе оқуға бару үшін / To go to work or study,Сапарларымның көп бөлігінде / On most of my trips,Қазіргі толық автобусқа бірден мінемін / Board the current full bus immediately,Қазіргі толық автобусқа мінемін / Board the current full bus,Келесі автобусқа 10 минут күтемін / Wait 10 minutes for the next bus,Қазіргі автобусқа мінемін / Board the current bus,Келесі автобусқа 3 минут күтемін / Wait 3 minutes for the next bus,Келесі автобусқа 7 минут күтемін / Wait 7 minutes for the next bus,6–10 минут / 6–10 minutes,"Әрдайым, автобус күткен сайын / Always, every time I wait for a bus",14–24 жас / 14–24 years,Студентпін / Student
2/7/2026 0:27:21,Аптасына 3–4 рет / 3–4 times a week,Жұмысқа немесе оқуға бару үшін / To go to work or study,Әр сапарымда немесе дерлік әр сапарымда / Every trip or almost every trip,Келесі автобусқа 2 минут күтемін / Wait 2 minutes for the next bus,Келесі автобусқа 5 минут күтемін / Wait 5 minutes for the next bus,Қазіргі автобусқа мінемін / Board the current bus,Қазіргі автобусқа мінемін / Board the current bus,Келесі автобусқа 3 минут күтемін / Wait 3 minutes for the next bus,Келесі автобусқа 7 минут күтемін / Wait 7 minutes for the next bus,6–10 минут / 6–10 minutes,"Кейде, жағдайға байланысты / Sometimes, depending on the situation",14–24 жас / 14–24 years,Студентпін / Student
2/8/2026 13:45:05,Күн сайын немесе дерлік күн сайын / Daily or almost daily,Жұмысқа немесе оқуға бару үшін / To go to work or study,Әр сапарымда немесе дерлік әр сапарымда / Every trip or almost every trip,Келесі автобусқа 2 минут күтемін / Wait 2 minutes for the next bus,Қазіргі толық автобусқа мінемін / Board the current full bus,Келесі автобусқа 10 минут күтемін / Wait 10 minutes for the next bus,Қазіргі автобусқа мінемін / Board the current bus,Келесі автобусқа 3 минут күтемін / Wait 3 minutes for the next bus,Қазіргі толық автобусқа мінемін / Board the current full bus,6–10 минут / 6–10 minutes,"Әрдайым, автобус күткен сайын / Always, every time I wait for a bus",14–24 жас / 14–24 years,Студентпін / Student
2/8/2026 13:57:15,Күн сайын немесе дерлік күн сайын / Daily or almost daily,"Жұмысқа немесе оқуға бару үшін / To go to work or study, Жеке істер үшін / Personal errands, Демалу, қыдыру немесе  кездесулер үшін / For leisure or social meetings",Әр сапарымда немесе дерлік әр сапарымда / Every trip or almost every trip,Келесі автобусқа 2 минут күтемін / Wait 2 minutes for the next bus,Келесі автобусқа 5 минут күтемін / Wait 5 minutes for the next bus,Келесі автобусқа 10 минут күтемін / Wait 10 minutes for the next bus,Қазіргі автобусқа мінемін / Board the current bus,Келесі автобусқа 3 минут күтемін / Wait 3 minutes for the next bus,Келесі автобусқа 7 минут күтемін / Wait 7 minutes for the next bus,10 минуттан артық / More than 10 minutes,"Әрдайым, автобус күткен сайын / Always, every time I wait for a bus",14–24 жас / 14–24 years,Студентпін / Student
2/8/2026 14:05:25,Қоғамдық көлікті пайдаланбаймын / I do not use public buses,Жеке істер үшін / Personal errands,Сирек / Rarely,,,,,,,,,,
2/8/2026 14:34:56,Күн сайын немесе дерлік күн сайын / Daily or almost daily,Жұмысқа немесе оқуға бару үшін / To go to work or study,Сирек / Rarely,Қазіргі толық автобусқа бірден мінемін / Board the current full bus immediately,Келесі автобусқа 5 минут күтемін / Wait 5 minutes for the next bus,Келесі автобусқа 10 минут күтемін / Wait 10 minutes for the next bus,Қазіргі автобусқа мінемін / Board the current bus,Келесі автобусқа 3 минут күтемін / Wait 3 minutes for the next bus,Келесі автобусқа 7 минут күтемін / Wait 7 minutes for the next bus,6–10 минут / 6–10 minutes,"Әрдайым, автобус күткен сайын / Always, every time I wait for a bus",55 жастан жоғары / 55 years or older,Толық толық жұмыс күні бойынша  істеймін / Employed full-time
2/8/2026 14:37:47,Күн сайын немесе дерлік күн сайын / Daily or almost daily,Жұмысқа немесе оқуға бару үшін / To go to work or study,Сирек / Rarely,Келесі автобусқа 2 минут күтемін / Wait 2 minutes for the next bus,Келесі автобусқа 5 минут күтемін / Wait 5 minutes for the next bus,Келесі автобусқа 10 минут күтемін / Wait 10 minutes for the next bus,Келесі автобусқа 5 минут күтемін / Wait 5 minutes for the next bus,Келесі автобусқа 3 минут күтемін / Wait 3 minutes for the next bus,Келесі автобусқа 7 минут күтемін / Wait 7 minutes for the next bus,6–10 минут / 6–10 minutes,"Әрдайым, автобус күткен сайын / Always, every time I wait for a bus",55 жастан жоғары / 55 years or older,Толық толық жұмыс күні бойынша  істеймін / Employed full-time
2/8/2026 16:51:45,Күн сайын немесе дерлік күн сайын / Daily or almost daily,Жұмысқа немесе оқуға бару үшін / To go to work or study,Әр сапарымда немесе дерлік әр сапарымда / Every trip or almost every trip,Келесі автобусқа 2 минут күтемін / Wait 2 minutes for the next bus,Келесі автобусқа 5 минут күтемін / Wait 5 minutes for the next bus,Келесі автобусқа 10 минут күтемін / Wait 10 minutes for the next bus,Келесі автобусқа 5 минут күтемін / Wait 5 minutes for the next bus,Қазіргі автобусқа мінемін / Board the current bus,Келесі автобусқа 7 минут күтемін / Wait 7 minutes for the next bus,6–10 минут / 6–10 minutes,"Әрдайым, автобус күткен сайын / Always, every time I wait for a bus",45–54 жас / 45–54 years,Толық толық жұмыс күні бойынша  істеймін / Employed full-time
2/8/2026 16:56:35,Күн сайын немесе дерлік күн сайын / Daily or almost daily,Жұмысқа немесе оқуға бару үшін / To go to work or study,Сирек / Rarely,Қазіргі толық автобусқа бірден мінемін / Board the current full bus immediately,Қазіргі толық автобусқа мінемін / Board the current full bus,Қазіргі автобусқа мінемін / Board the current bus,Қазіргі автобусқа мінемін / Board the current bus,Қазіргі автобусқа мінемін / Board the current bus,Қазіргі толық автобусқа мінемін / Board the current full bus,"Күтпеймін, қай автобус келсе — соған мінемін / I won't wait, I'll take whichever bus comes","Әрдайым, автобус күткен сайын / Always, every time I wait for a bus",35–44 жас / 35–44 years,Толық толық жұмыс күні бойынша  істеймін / Employed full-time
2/8/2026 17:00:52,Күн сайын немесе дерлік күн сайын / Daily or almost daily,Жұмысқа немесе оқуға бару үшін / To go to work or study,Әр сапарымда немесе дерлік әр сапарымда / Every trip or almost every trip,Келесі автобусқа 2 минут күтемін / Wait 2 minutes for the next bus,Келесі автобусқа 5 минут күтемін / Wait 5 minutes for the next bus,Келесі автобусқа 10 минут күтемін / Wait 10 minutes for the next bus,Келесі автобусқа 5 минут күтемін / Wait 5 minutes for the next bus,Қазіргі автобусқа мінемін / Board the current bus,Келесі автобусқа 7 минут күтемін / Wait 7 minutes for the next bus,6–10 минут / 6–10 minutes,"Әрдайым, автобус күткен сайын / Always, every time I wait for a bus",14–24 жас / 14–24 years,Толық толық жұмыс күні бойынша  істеймін / Employed full-time
2/8/2026 17:41:35,Күн сайын немесе дерлік күн сайын / Daily or almost daily,Жұмысқа немесе оқуға бару үшін / To go to work or study,Сапарларымның көп бөлігінде / On most of my trips,Келесі автобусқа 2 минут күтемін / Wait 2 minutes for the next bus,Келесі автобусқа 5 минут күтемін / Wait 5 minutes for the next bus,Келесі автобусқа 10 минут күтемін / Wait 10 minutes for the next bus,Қазіргі автобусқа мінемін / Board the current bus,Келесі автобусқа 3 минут күтемін / Wait 3 minutes for the next bus,Келесі автобусқа 7 минут күтемін / Wait 7 minutes for the next bus,6–10 минут / 6–10 minutes,"Әрдайым, автобус күткен сайын / Always, every time I wait for a bus",14–24 жас / 14–24 years,Студентпін / Student
2/8/2026 19:42:43,Күн сайын немесе дерлік күн сайын / Daily or almost daily,"Жұмысқа немесе оқуға бару үшін / To go to work or study, Жеке істер үшін / Personal errands",Әр сапарымда немесе дерлік әр сапарымда / Every trip or almost every trip,Қазіргі толық автобусқа бірден мінемін / Board the current full bus immediately,Қазіргі толық автобусқа мінемін / Board the current full bus,Қазіргі автобусқа мінемін / Board the current bus,Қазіргі автобусқа мінемін / Board the current bus,Қазіргі автобусқа мінемін / Board the current bus,Қазіргі толық автобусқа мінемін / Board the current full bus,"Күтпеймін, қай автобус келсе — соған мінемін / I won't wait, I'll take whichever bus comes","Әрдайым, автобус күткен сайын / Always, every time I wait for a bus",45–54 жас / 45–54 years,Толық толық жұмыс күні бойынша  істеймін / Employed full-time
2/8/2026 21:30:55,Аптасына 1–2 рет / 1–2 times a week,"Демалу, қыдыру немесе  кездесулер үшін / For leisure or social meetings",Сирек / Rarely,Келесі автобусқа 2 минут күтемін / Wait 2 minutes for the next bus,Келесі автобусқа 5 минут күтемін / Wait 5 minutes for the next bus,Келесі автобусқа 10 минут күтемін / Wait 10 minutes for the next bus,Келесі автобусқа 5 минут күтемін / Wait 5 minutes for the next bus,Келесі автобусқа 3 минут күтемін / Wait 3 minutes for the next bus,Келесі автобусқа 7 минут күтемін / Wait 7 minutes for the next bus,10 минуттан артық / More than 10 minutes,Сирек / Rarely,55 жастан жоғары / 55 years or older,Толық толық жұмыс күні бойынша  істеймін / Employed full-time
2/9/2026 8:31:26,Күн сайын немесе дерлік күн сайын / Daily or almost daily,Жұмысқа немесе оқуға бару үшін / To go to work or study,Сапарларымның көп бөлігінде / On most of my trips,Келесі автобусқа 2 минут күтемін / Wait 2 minutes for the next bus,Келесі автобусқа 5 минут күтемін / Wait 5 minutes for the next bus,Келесі автобусқа 10 минут күтемін / Wait 10 minutes for the next bus,Келесі автобусқа 5 минут күтемін / Wait 5 minutes for the next bus,Келесі автобусқа 3 минут күтемін / Wait 3 minutes for the next bus,Келесі автобусқа 7 минут күтемін / Wait 7 minutes for the next bus,6–10 минут / 6–10 minutes,"Әрдайым, автобус күткен сайын / Always, every time I wait for a bus",14–24 жас / 14–24 years,Студентпін / Student
2/9/2026 19:52:09,Күн сайын немесе дерлік күн сайын / Daily or almost daily,Жұмысқа немесе оқуға бару үшін / To go to work or study,Әр сапарымда немесе дерлік әр сапарымда / Every trip or almost every trip,Қазіргі толық автобусқа бірден мінемін / Board the current full bus immediately,Қазіргі толық автобусқа мінемін / Board the current full bus,Келесі автобусқа 10 минут күтемін / Wait 10 minutes for the next bus,Келесі автобусқа 5 минут күтемін / Wait 5 minutes for the next bus,Келесі автобусқа 3 минут күтемін / Wait 3 minutes for the next bus,Келесі автобусқа 7 минут күтемін / Wait 7 minutes for the next bus,6–10 минут / 6–10 minutes,"Әрдайым, автобус күткен сайын / Always, every time I wait for a bus",55 жастан жоғары / 55 years or older,Толық емес жұмыс күн графигі бойынша жұмыс істеймін / Employed part-time
2/9/2026 19:53:28,Аптасына 3–4 рет / 3–4 times a week,Жеке істер үшін / Personal errands,Сапарларымның көп бөлігінде / On most of my trips,Келесі автобусқа 2 минут күтемін / Wait 2 minutes for the next bus,Келесі автобусқа 5 минут күтемін / Wait 5 minutes for the next bus,Келесі автобусқа 10 минут күтемін / Wait 10 minutes for the next bus,Келесі автобусқа 5 минут күтемін / Wait 5 minutes for the next bus,Келесі автобусқа 3 минут күтемін / Wait 3 minutes for the next bus,Келесі автобусқа 7 минут күтемін / Wait 7 minutes for the next bus,6–10 минут / 6–10 minutes,"Әрдайым, автобус күткен сайын / Always, every time I wait for a bus",55 жастан жоғары / 55 years or older,Толық емес жұмыс күн графигі бойынша жұмыс істеймін / Employed part-time
2/9/2026 19:55:23,Аптасына 3–4 рет / 3–4 times a week,Жұмысқа немесе оқуға бару үшін / To go to work or study,Сирек / Rarely,Келесі автобусқа 2 минут күтемін / Wait 2 minutes for the next bus,Келесі автобусқа 5 минут күтемін / Wait 5 minutes for the next bus,Келесі автобусқа 10 минут күтемін / Wait 10 minutes for the next bus,Келесі автобусқа 5 минут күтемін / Wait 5 minutes for the next bus,Келесі автобусқа 3 минут күтемін / Wait 3 minutes for the next bus,Келесі автобусқа 7 минут күтемін / Wait 7 minutes for the next bus,6–10 минут / 6–10 minutes,"Әрдайым, автобус күткен сайын / Always, every time I wait for a bus",55 жастан жоғары / 55 years or older,Толық емес жұмыс күн графигі бойынша жұмыс істеймін / Employed part-time
2/9/2026 21:22:48,Күн сайын немесе дерлік күн сайын / Daily or almost daily,"Жұмысқа немесе оқуға бару үшін / To go to work or study, Жеке істер үшін / Personal errands, Демалу, қыдыру немесе  кездесулер үшін / For leisure or social meetings",Сапарларымның көп бөлігінде / On most of my trips,Келесі автобусқа 2 минут күтемін / Wait 2 minutes for the next bus,Келесі автобусқа 5 минут күтемін / Wait 5 minutes for the next bus,Келесі автобусқа 10 минут күтемін / Wait 10 minutes for the next bus,Қазіргі автобусқа мінемін / Board the current bus,Қазіргі автобусқа мінемін / Board the current bus,Келесі автобусқа 7 минут күтемін / Wait 7 minutes for the next bus,6–10 минут / 6–10 minutes,"Әрдайым, автобус күткен сайын / Always, every time I wait for a bus",55 жастан жоғары / 55 years or older,Толық толық жұмыс күні бойынша  істеймін / Employed full-time
2/9/2026 21:25:11,Күн сайын немесе дерлік күн сайын / Daily or almost daily,"Жұмысқа немесе оқуға бару үшін / To go to work or study, Жеке істер үшін / Personal errands, Демалу, қыдыру немесе  кездесулер үшін / For leisure or social meetings",Сапарларымның көп бөлігінде / On most of my trips,Қазіргі толық автобусқа бірден мінемін / Board the current full bus immediately,Қазіргі толық автобусқа мінемін / Board the current full bus,Қазіргі автобусқа мінемін / Board the current bus,Қазіргі автобусқа мінемін / Board the current bus,Келесі автобусқа 3 минут күтемін / Wait 3 minutes for the next bus,Келесі автобусқа 7 минут күтемін / Wait 7 minutes for the next bus,6–10 минут / 6–10 minutes,"Әрдайым, автобус күткен сайын / Always, every time I wait for a bus",55 жастан жоғары / 55 years or older,Толық толық жұмыс күні бойынша  істеймін / Employed full-time
2/9/2026 21:26:45,Күн сайын немесе дерлік күн сайын / Daily or almost daily,"Жұмысқа немесе оқуға бару үшін / To go to work or study, Жеке істер үшін / Personal errands, Демалу, қыдыру немесе  кездесулер үшін / For leisure or social meetings",Сапарларымның көп бөлігінде / On most of my trips,Келесі автобусқа 2 минут күтемін / Wait 2 minutes for the next bus,Келесі автобусқа 5 минут күтемін / Wait 5 minutes for the next bus,Келесі автобусқа 10 минут күтемін / Wait 10 minutes for the next bus,Келесі автобусқа 5 минут күтемін / Wait 5 minutes for the next bus,Келесі автобусқа 3 минут күтемін / Wait 3 minutes for the next bus,Келесі автобусқа 7 минут күтемін / Wait 7 minutes for the next bus,6–10 минут / 6–10 minutes,"Әрдайым, автобус күткен сайын / Always, every time I wait for a bus",55 жастан жоғары / 55 years or older,Толық толық жұмыс күні бойынша  істеймін / Employed full-time
2/9/2026 21:28:07,Күн сайын немесе дерлік күн сайын / Daily or almost daily,"Жұмысқа немесе оқуға бару үшін / To go to work or study, Жеке істер үшін / Personal errands, Демалу, қыдыру немесе  кездесулер үшін / For leisure or social meetings",Сапарларымның көп бөлігінде / On most of my trips,Келесі автобусқа 2 минут күтемін / Wait 2 minutes for the next bus,Келесі автобусқа 5 минут күтемін / Wait 5 minutes for the next bus,Келесі автобусқа 10 минут күтемін / Wait 10 minutes for the next bus,Келесі автобусқа 5 минут күтемін / Wait 5 minutes for the next bus,Келесі автобусқа 3 минут күтемін / Wait 3 minutes for the next bus,Келесі автобусқа 7 минут күтемін / Wait 7 minutes for the next bus,6–10 минут / 6–10 minutes,"Әрдайым, автобус күткен сайын / Always, every time I wait for a bus",55 жастан жоғары / 55 years or older,Толық толық жұмыс күні бойынша  істеймін / Employed full-time
2/10/2026 9:26:55,Күн сайын немесе дерлік күн сайын / Daily or almost daily,"Жұмысқа немесе оқуға бару үшін / To go to work or study, Жеке істер үшін / Personal errands, Демалу, қыдыру немесе  кездесулер үшін / For leisure or social meetings",Сапарларымның көп бөлігінде / On most of my trips,Келесі автобусқа 2 минут күтемін / Wait 2 minutes for the next bus,Келесі автобусқа 5 минут күтемін / Wait 5 minutes for the next bus,Келесі автобусқа 10 минут күтемін / Wait 10 minutes for the next bus,Келесі автобусқа 5 минут күтемін / Wait 5 minutes for the next bus,Келесі автобусқа 3 минут күтемін / Wait 3 minutes for the next bus,Келесі автобусқа 7 минут күтемін / Wait 7 minutes for the next bus,6–10 минут / 6–10 minutes,"Әрдайым, автобус күткен сайын / Always, every time I wait for a bus",55 жастан жоғары / 55 years or older,Толық толық жұмыс күні бойынша  істеймін / Employed full-time
2/10/2026 9:28:37,Күн сайын немесе дерлік күн сайын / Daily or almost daily,"Жұмысқа немесе оқуға бару үшін / To go to work or study, Жеке істер үшін / Personal errands, Демалу, қыдыру немесе  кездесулер үшін / For leisure or social meetings",Сапарларымның көп бөлігінде / On most of my trips,Келесі автобусқа 2 минут күтемін / Wait 2 minutes for the next bus,Келесі автобусқа 5 минут күтемін / Wait 5 minutes for the next bus,Келесі автобусқа 10 минут күтемін / Wait 10 minutes for the next bus,Келесі автобусқа 5 минут күтемін / Wait 5 minutes for the next bus,Келесі автобусқа 3 минут күтемін / Wait 3 minutes for the next bus,Келесі автобусқа 7 минут күтемін / Wait 7 minutes for the next bus,6–10 минут / 6–10 minutes,"Әрдайым, автобус күткен сайын / Always, every time I wait for a bus",55 жастан жоғары / 55 years or older,Толық толық жұмыс күні бойынша  істеймін / Employed full-time
2/10/2026 9:41:16,Күн сайын немесе дерлік күн сайын / Daily or almost daily,"Жұмысқа немесе оқуға бару үшін / To go to work or study, Жеке істер үшін / Personal errands, Демалу, қыдыру немесе  кездесулер үшін / For leisure or social meetings",Сапарларымның көп бөлігінде / On most of my trips,Келесі автобусқа 2 минут күтемін / Wait 2 minutes for the next bus,Келесі автобусқа 5 минут күтемін / Wait 5 minutes for the next bus,Келесі автобусқа 10 минут күтемін / Wait 10 minutes for the next bus,Келесі автобусқа 5 минут күтемін / Wait 5 minutes for the next bus,Келесі автобусқа 3 минут күтемін / Wait 3 minutes for the next bus,Келесі автобусқа 7 минут күтемін / Wait 7 minutes for the next bus,6–10 минут / 6–10 minutes,"Әрдайым, автобус күткен сайын / Always, every time I wait for a bus",55 жастан жоғары / 55 years or older,Толық толық жұмыс күні бойынша  істеймін / Employed full-time
2/11/2026 8:51:04,Күн сайын немесе дерлік күн сайын / Daily or almost daily,"Жұмысқа немесе оқуға бару үшін / To go to work or study, Жеке істер үшін / Personal errands, Демалу, қыдыру немесе  кездесулер үшін / For leisure or social meetings",Сапарларымның көп бөлігінде / On most of my trips,Келесі автобусқа 2 минут күтемін / Wait 2 minutes for the next bus,Келесі автобусқа 5 минут күтемін / Wait 5 minutes for the next bus,Келесі автобусқа 10 минут күтемін / Wait 10 minutes for the next bus,Келесі автобусқа 5 минут күтемін / Wait 5 minutes for the next bus,Келесі автобусқа 3 минут күтемін / Wait 3 minutes for the next bus,Келесі автобусқа 7 минут күтемін / Wait 7 minutes for the next bus,6–10 минут / 6–10 minutes,"Әрдайым, автобус күткен сайын / Always, every time I wait for a bus",55 жастан жоғары / 55 years or older,Толық толық жұмыс күні бойынша  істеймін / Employed full-time
2/12/2026 15:40:28,Күн сайын немесе дерлік күн сайын / Daily or almost daily,"Жұмысқа немесе оқуға бару үшін / To go to work or study, Жеке істер үшін / Personal errands, Демалу, қыдыру немесе  кездесулер үшін / For leisure or social meetings",Сапарларымның көп бөлігінде / On most of my trips,Келесі автобусқа 2 минут күтемін / Wait 2 minutes for the next bus,Келесі автобусқа 5 минут күтемін / Wait 5 minutes for the next bus,Келесі автобусқа 10 минут күтемін / Wait 10 minutes for the next bus,Келесі автобусқа 5 минут күтемін / Wait 5 minutes for the next bus,Келесі автобусқа 3 минут күтемін / Wait 3 minutes for the next bus,Келесі автобусқа 7 минут күтемін / Wait 7 minutes for the next bus,6–10 минут / 6–10 minutes,"Әрдайым, автобус күткен сайын / Always, every time I wait for a bus",55 жастан жоғары / 55 years or older,Толық толық жұмыс күні бойынша  істеймін / Employed full-time
2/12/2026 15:42:15,Күн сайын немесе дерлік күн сайын / Daily or almost daily,"Жұмысқа немесе оқуға бару үшін / To go to work or study, Жеке істер үшін / Personal errands, Демалу, қыдыру немесе  кездесулер үшін / For leisure or social meetings",Сапарларымның көп бөлігінде / On most of my trips,Келесі автобусқа 2 минут күтемін / Wait 2 minutes for the next bus,Келесі автобусқа 5 минут күтемін / Wait 5 minutes for the next bus,Келесі автобусқа 10 минут күтемін / Wait 10 minutes for the next bus,Келесі автобусқа 5 минут күтемін / Wait 5 minutes for the next bus,Келесі автобусқа 3 минут күтемін / Wait 3 minutes for the next bus,Келесі автобусқа 7 минут күтемін / Wait 7 minutes for the next bus,6–10 минут / 6–10 minutes,"Әрдайым, автобус күткен сайын / Always, every time I wait for a bus",55 жастан жоғары / 55 years or older,Толық толық жұмыс күні бойынша  істеймін / Employed full-time
2/12/2026 20:25:12,Күн сайын немесе дерлік күн сайын / Daily or almost daily,"Жұмысқа немесе оқуға бару үшін / To go to work or study, Жеке істер үшін / Personal errands, Демалу, қыдыру немесе  кездесулер үшін / For leisure or social meetings",Сапарларымның көп бөлігінде / On most of my trips,Келесі автобусқа 2 минут күтемін / Wait 2 minutes for the next bus,Келесі автобусқа 5 минут күтемін / Wait 5 minutes for the next bus,Келесі автобусқа 10 минут күтемін / Wait 10 minutes for the next bus,Келесі автобусқа 5 минут күтемін / Wait 5 minutes for the next bus,Келесі автобусқа 3 минут күтемін / Wait 3 minutes for the next bus,Келесі автобусқа 7 минут күтемін / Wait 7 minutes for the next bus,6–10 минут / 6–10 minutes,"Әрдайым, автобус күткен сайын / Always, every time I wait for a bus",55 жастан жоғары / 55 years or older,
2/12/2026 20:27:01,Күн сайын немесе дерлік күн сайын / Daily or almost daily,"Жұмысқа немесе оқуға бару үшін / To go to work or study, Жеке істер үшін / Personal errands, Демалу, қыдыру немесе  кездесулер үшін / For leisure or social meetings",Әр сапарымда немесе дерлік әр сапарымда / Every trip or almost every trip,Қазіргі толық автобусқа бірден мінемін / Board the current full bus immediately,Қазіргі толық автобусқа мінемін / Board the current full bus,Қазіргі автобусқа мінемін / Board the current bus,Қазіргі автобусқа мінемін / Board the current bus,Қазіргі автобусқа мінемін / Board the current bus,Қазіргі толық автобусқа мінемін / Board the current full bus,"Күтпеймін, қай автобус келсе — соған мінемін / I won't wait, I'll take whichever bus comes",Көп жағдайда / Most of the time,14–24 жас / 14–24 years,Студентпін / Student
2/14/2026 20:21:14,Күн сайын немесе дерлік күн сайын / Daily or almost daily,"Жұмысқа немесе оқуға бару үшін / To go to work or study, Жеке істер үшін / Personal errands, Демалу, қыдыру немесе  кездесулер үшін / For leisure or social meetings",Сапарларымның көп бөлігінде / On most of my trips,Келесі автобусқа 2 минут күтемін / Wait 2 minutes for the next bus,Келесі автобусқа 5 минут күтемін / Wait 5 minutes for the next bus,Келесі автобусқа 10 минут күтемін / Wait 10 minutes for the next bus,Келесі автобусқа 5 минут күтемін / Wait 5 minutes for the next bus,Келесі автобусқа 3 минут күтемін / Wait 3 minutes for the next bus,Келесі автобусқа 7 минут күтемін / Wait 7 minutes for the next bus,6–10 минут / 6–10 minutes,"Әрдайым, автобус күткен сайын / Always, every time I wait for a bus",14–24 жас / 14–24 years,Студентпін / Student
2/15/2026 6:49:05,Күн сайын немесе дерлік күн сайын / Daily or almost daily,"Жұмысқа немесе оқуға бару үшін / To go to work or study, Жеке істер үшін / Personal errands, Демалу, қыдыру немесе  кездесулер үшін / For leisure or social meetings",Сапарларымның көп бөлігінде / On most of my trips,Келесі автобусқа 2 минут күтемін / Wait 2 minutes for the next bus,Келесі автобусқа 5 минут күтемін / Wait 5 minutes for the next bus,Келесі автобусқа 10 минут күтемін / Wait 10 minutes for the next bus,Келесі автобусқа 5 минут күтемін / Wait 5 minutes for the next bus,Келесі автобусқа 3 минут күтемін / Wait 3 minutes for the next bus,Келесі автобусқа 7 минут күтемін / Wait 7 minutes for the next bus,6–10 минут / 6–10 minutes,"Әрдайым, автобус күткен сайын / Always, every time I wait for a bus",14–24 жас / 14–24 years,Студентпін / Student
2/15/2026 6:50:59,Күн сайын немесе дерлік күн сайын / Daily or almost daily,"Жұмысқа немесе оқуға бару үшін / To go to work or study, Жеке істер үшін / Personal errands, Демалу, қыдыру немесе  кездесулер үшін / For leisure or social meetings",Сапарларымның көп бөлігінде / On most of my trips,Келесі автобусқа 2 минут күтемін / Wait 2 minutes for the next bus,Келесі автобусқа 5 минут күтемін / Wait 5 minutes for the next bus,Келесі автобусқа 10 минут күтемін / Wait 10 minutes for the next bus,Келесі автобусқа 5 минут күтемін / Wait 5 minutes for the next bus,Келесі автобусқа 3 минут күтемін / Wait 3 minutes for the next bus,Келесі автобусқа 7 минут күтемін / Wait 7 minutes for the next bus,6–10 минут / 6–10 minutes,"Әрдайым, автобус күткен сайын / Always, every time I wait for a bus",14–24 жас / 14–24 years,Студентпін / Student
2/17/2026 6:57:06,Аптасына 3–4 рет / 3–4 times a week,Жұмысқа немесе оқуға бару үшін / To go to work or study,Әр сапарымда немесе дерлік әр сапарымда / Every trip or almost every trip,Келесі автобусқа 2 минут күтемін / Wait 2 minutes for the next bus,Келесі автобусқа 5 минут күтемін / Wait 5 minutes for the next bus,Қазіргі автобусқа мінемін / Board the current bus,Қазіргі автобусқа мінемін / Board the current bus,Келесі автобусқа 3 минут күтемін / Wait 3 minutes for the next bus,Келесі автобусқа 7 минут күтемін / Wait 7 minutes for the next bus,6–10 минут / 6–10 minutes,Көп жағдайда / Most of the time,14–24 жас / 14–24 years,Студентпін / Student
2/17/2026 17:38:22,Күн сайын немесе дерлік күн сайын / Daily or almost daily,"Жұмысқа немесе оқуға бару үшін / To go to work or study, Жеке істер үшін / Personal errands, Демалу, қыдыру немесе  кездесулер үшін / For leisure or social meetings",Әр сапарымда немесе дерлік әр сапарымда / Every trip or almost every trip,Келесі автобусқа 2 минут күтемін / Wait 2 minutes for the next bus,Келесі автобусқа 5 минут күтемін / Wait 5 minutes for the next bus,Келесі автобусқа 10 минут күтемін / Wait 10 minutes for the next bus,Келесі автобусқа 5 минут күтемін / Wait 5 minutes for the next bus,Келесі автобусқа 3 минут күтемін / Wait 3 minutes for the next bus,Келесі автобусқа 7 минут күтемін / Wait 7 minutes for the next bus,6–10 минут / 6–10 minutes,"Әрдайым, автобус күткен сайын / Always, every time I wait for a bus",14–24 жас / 14–24 years,Студентпін / Student
2/18/2026 21:46:05,Күн сайын немесе дерлік күн сайын / Daily or almost daily,"Жұмысқа немесе оқуға бару үшін / To go to work or study, Жеке істер үшін / Personal errands, Демалу, қыдыру немесе  кездесулер үшін / For leisure or social meetings",Сапарларымның көп бөлігінде / On most of my trips,Келесі автобусқа 2 минут күтемін / Wait 2 minutes for the next bus,Келесі автобусқа 5 минут күтемін / Wait 5 minutes for the next bus,Келесі автобусқа 10 минут күтемін / Wait 10 minutes for the next bus,Келесі автобусқа 5 минут күтемін / Wait 5 minutes for the next bus,Келесі автобусқа 3 минут күтемін / Wait 3 minutes for the next bus,Келесі автобусқа 7 минут күтемін / Wait 7 minutes for the next bus,6–10 минут / 6–10 minutes,"Әрдайым, автобус күткен сайын / Always, every time I wait for a bus",55 жастан жоғары / 55 years or older,Толық толық жұмыс күні бойынша  істеймін / Employed full-time
2/20/2026 13:46:45,Күн сайын немесе дерлік күн сайын / Daily or almost daily,"Жұмысқа немесе оқуға бару үшін / To go to work or study, Жеке істер үшін / Personal errands, Демалу, қыдыру немесе  кездесулер үшін / For leisure or social meetings",Сапарларымның көп бөлігінде / On most of my trips,Келесі автобусқа 2 минут күтемін / Wait 2 minutes for the next bus,Келесі автобусқа 5 минут күтемін / Wait 5 minutes for the next bus,Келесі автобусқа 10 минут күтемін / Wait 10 minutes for the next bus,Келесі автобусқа 5 минут күтемін / Wait 5 minutes for the next bus,Келесі автобусқа 3 минут күтемін / Wait 3 minutes for the next bus,Келесі автобусқа 7 минут күтемін / Wait 7 minutes for the next bus,6–10 минут / 6–10 minutes,"Әрдайым, автобус күткен сайын / Always, every time I wait for a bus",14–24 жас / 14–24 years,Студентпін / Student
2/20/2026 15:47:08,Күн сайын немесе дерлік күн сайын / Daily or almost daily,"Жұмысқа немесе оқуға бару үшін / To go to work or study, Жеке істер үшін / Personal errands, Демалу, қыдыру немесе  кездесулер үшін / For leisure or social meetings",Сапарларымның көп бөлігінде / On most of my trips,Келесі автобусқа 2 минут күтемін / Wait 2 minutes for the next bus,Келесі автобусқа 5 минут күтемін / Wait 5 minutes for the next bus,Келесі автобусқа 10 минут күтемін / Wait 10 minutes for the next bus,Келесі автобусқа 5 минут күтемін / Wait 5 minutes for the next bus,Келесі автобусқа 3 минут күтемін / Wait 3 minutes for the next bus,Келесі автобусқа 7 минут күтемін / Wait 7 minutes for the next bus,6–10 минут / 6–10 minutes,"Әрдайым, автобус күткен сайын / Always, every time I wait for a bus",55 жастан жоғары / 55 years or older,Толық толық жұмыс күні бойынша  істеймін / Employed full-time
2/23/2026 20:24:53,Күн сайын немесе дерлік күн сайын / Daily or almost daily,"Жұмысқа немесе оқуға бару үшін / To go to work or study, Жеке істер үшін / Personal errands, Демалу, қыдыру немесе  кездесулер үшін / For leisure or social meetings",Сапарларымның көп бөлігінде / On most of my trips,Келесі автобусқа 2 минут күтемін / Wait 2 minutes for the next bus,Келесі автобусқа 5 минут күтемін / Wait 5 minutes for the next bus,Келесі автобусқа 10 минут күтемін / Wait 10 minutes for the next bus,Келесі автобусқа 5 минут күтемін / Wait 5 minutes for the next bus,Келесі автобусқа 3 минут күтемін / Wait 3 minutes for the next bus,Келесі автобусқа 7 минут күтемін / Wait 7 minutes for the next bus,6–10 минут / 6–10 minutes,"Әрдайым, автобус күткен сайын / Always, every time I wait for a bus",55 жастан жоғары / 55 years or older,Толық толық жұмыс күні бойынша  істеймін / Employed full-time